Error,elementray charge e,Planck's constant h,electron mass m_e,Proton radius r_p,Rydberg constant R_H,Permittivity of free space ε_0,Speed of Light c,Fine-structure constant alpha
0.000546619,1.60E-19,6.63E-34,9.11E-31,8.41E-16,10973742.54,8.85E-12,299792757.8,0.00729736
0.000536619,1.60E-19,6.63E-34,9.11E-31,8.41E-16,10973731.57,8.85E-12,299792458,0.007297353
0.000532617,1.60E-19,6.63E-34,9.11E-31,8.41E-16,10973720.59,8.85E-12,299792158.2,0.00729736
0.000528615,1.60E-19,6.63E-34,9.11E-31,8.41E-16,10973709.62,8.85E-12,299791858.4,0.007297367
0.000522615,1.60E-19,6.63E-34,9.11E-31,8.41E-16,10973720.59,8.85E-12,299791558.6,0.007297374
0.000512615,1.60E-19,6.63E-34,9.11E-31,8.41E-16,10973709.62,8.85E-12,299791858.4,0.007297367
0.000500612,1.60E-19,6.63E-34,9.11E-31,8.41E-16,10973698.65,8.85E-12,299791558.6,0.007297374
0.000488609,1.60E-19,6.63E-34,9.11E-31,8.41E-16,10973687.67,8.85E-12,299791258.8,0.007297382
0.000476607,1.60E-19,6.63E-34,9.11E-31,8.41E-16,10973676.7,8.85E-12,299790959,0.007297389
0.000464603,1.60E-19,6.63E-34,9.11E-31,8.41E-16,10973665.73,8.85E-12,299790659.2,0.007297396
0.0004526,1.60E-19,6.63E-34,9.11E-31,8.41E-16,10973654.75,8.85E-12,299790359.5,0.007297404
0.000440597,1.60E-19,6.63E-34,9.11E-31,8.41E-16,10973643.78,8.85E-12,299790059.7,0.007297411
0.000428593,1.60E-19,6.63E-34,9.11E-31,8.41E-16,10973632.8,8.85E-12,299789759.9,0.007297418
0.00041659,1.60E-19,6.63E-34,9.11E-31,8.41E-16,10973621.83,8.85E-12,299789460.1,0.007297426
0.000404586,1.60E-19,6.63E-34,9.11E-31,8.41E-16,10973610.86,8.85E-12,299789160.3,0.007297433
0.000392582,1.60E-19,6.63E-34,9.11E-31,8.41E-16,10973599.88,8.85E-12,299788860.5,0.00729744
0.000380578,1.60E-19,6.63E-34,9.11E-31,8.41E-16,10973588.91,8.85E-12,299788560.7,0.007297447
0.000368574,1.60E-19,6.63E-34,9.11E-31,8.41E-16,10973577.94,8.85E-12,299788260.9,0.007297455
0.000356569,1.60E-19,6.63E-34,9.11E-31,8.41E-16,10973566.96,8.85E-12,299787961.1,0.007297462
0.000344565,1.60E-19,6.63E-34,9.11E-31,8.41E-16,10973555.99,8.85E-12,299787661.3,0.007297469
0.00033256,1.60E-19,6.63E-34,9.11E-31,8.41E-16,10973545.02,8.85E-12,299787361.5,0.007297477
0.000320555,1.60E-19,6.63E-34,9.11E-31,8.41E-16,10973534.04,8.85E-12,299787061.7,0.007297484
0.00030855,1.60E-19,6.63E-34,9.11E-31,8.41E-16,10973523.07,8.85E-12,299786761.9,0.007297491
0.000296545,1.60E-19,6.63E-34,9.11E-31,8.41E-16,10973512.09,8.85E-12,299786462.2,0.007297499
0.00028454,1.60E-19,6.63E-34,9.11E-31,8.41E-16,10973501.12,8.85E-12,299786162.4,0.007297506
0.000272534,1.60E-19,6.63E-34,9.11E-31,8.41E-16,10973490.15,8.85E-12,299785862.6,0.007297513
0.000260529,1.60E-19,6.63E-34,9.11E-31,8.41E-16,10973479.17,8.85E-12,299785562.8,0.00729752
0.000248523,1.60E-19,6.63E-34,9.11E-31,8.41E-16,10973468.2,8.85E-12,299785263,0.007297528
0.000236517,1.60E-19,6.63E-34,9.11E-31,8.41E-16,10973457.23,8.85E-12,299784963.2,0.007297535
0.000224511,1.60E-19,6.63E-34,9.11E-31,8.41E-16,10973446.25,8.85E-12,299784663.4,0.007297542
0.000212505,1.60E-19,6.63E-34,9.11E-31,8.41E-16,10973435.28,8.85E-12,299784363.6,0.00729755
0.000200499,1.60E-19,6.63E-34,9.11E-31,8.41E-16,10973424.3,8.85E-12,299784063.8,0.007297557
0.000188493,1.60E-19,6.63E-34,9.11E-31,8.41E-16,10973413.33,8.85E-12,299783764,0.007297564
0.000176486,1.60E-19,6.63E-34,9.11E-31,8.41E-16,10973402.36,8.85E-12,299783464.2,0.007297571
0.000164479,1.60E-19,6.63E-34,9.11E-31,8.41E-16,10973391.38,8.85E-12,299783164.4,0.007297579
0.000152472,1.60E-19,6.63E-34,9.11E-31,8.41E-16,10973380.41,8.85E-12,299782864.6,0.007297586
0.000139265,1.60E-19,6.63E-34,9.11E-31,8.41E-16,10973368.34,8.85E-12,299782534.9,0.007297594
0.000138064,1.60E-19,6.63E-34,9.11E-31,8.41E-16,10973367.24,8.85E-12,299782504.9,0.007297595
0.000136863,1.60E-19,6.63E-34,9.11E-31,8.41E-16,10973366.14,8.85E-12,299782474.9,0.007297596
0.000135663,1.60E-19,6.63E-34,9.11E-31,8.41E-16,10973365.05,8.85E-12,299782444.9,0.007297596
0.000134462,1.60E-19,6.63E-34,9.11E-31,8.41E-16,10973363.95,8.85E-12,299782415,0.007297597
0.000133261,1.60E-19,6.63E-34,9.11E-31,8.41E-16,10973362.85,8.85E-12,299782385,0.007297598
0.00013206,1.60E-19,6.63E-34,9.11E-31,8.41E-16,10973361.75,8.85E-12,299782355,0.007297598
0.00013086,1.60E-19,6.63E-34,9.11E-31,8.41E-16,10973360.66,8.85E-12,299782325,0.007297599
0.000129659,1.60E-19,6.63E-34,9.11E-31,8.41E-16,10973359.56,8.85E-12,299782295,0.0072976
0.000128458,1.60E-19,6.63E-34,9.11E-31,8.41E-16,10973358.46,8.85E-12,299782265.1,0.007297601
0.000127258,1.60E-19,6.63E-34,9.11E-31,8.41E-16,10973357.36,8.85E-12,299782235.1,0.007297601
0.000126057,1.60E-19,6.63E-34,9.11E-31,8.41E-16,10973356.27,8.85E-12,299782205.1,0.007297602
0.000124856,1.60E-19,6.63E-34,9.11E-31,8.41E-16,10973355.17,8.85E-12,299782175.1,0.007297603
0.000123655,1.60E-19,6.63E-34,9.11E-31,8.41E-16,10973354.07,8.85E-12,299782145.2,0.007297604
0.000122455,1.60E-19,6.63E-34,9.11E-31,8.41E-16,10973352.98,8.85E-12,299782115.2,0.007297604
0.000121254,1.60E-19,6.63E-34,9.11E-31,8.41E-16,10973351.88,8.85E-12,299782085.2,0.007297605
0.000120053,1.60E-19,6.63E-34,9.11E-31,8.41E-16,10973350.78,8.85E-12,299782055.2,0.007297606
0.000118852,1.60E-19,6.63E-34,9.11E-31,8.41E-16,10973349.68,8.85E-12,299782025.2,0.007297607
0.000117652,1.60E-19,6.63E-34,9.11E-31,8.41E-16,10973348.59,8.85E-12,299781995.3,0.007297607
0.000116451,1.60E-19,6.63E-34,9.11E-31,8.41E-16,10973347.49,8.85E-12,299781965.3,0.007297608
0.00011525,1.60E-19,6.63E-34,9.11E-31,8.41E-16,10973346.39,8.85E-12,299781935.3,0.007297609
0.00011405,1.60E-19,6.63E-34,9.11E-31,8.41E-16,10973345.29,8.85E-12,299781905.3,0.007297609
0.000112849,1.60E-19,6.63E-34,9.11E-31,8.41E-16,10973344.2,8.85E-12,299781875.3,0.00729761
0.000111648,1.60E-19,6.63E-34,9.11E-31,8.41E-16,10973343.1,8.85E-12,299781845.4,0.007297611
0.000110447,1.60E-19,6.63E-34,9.11E-31,8.41E-16,10973342,8.85E-12,299781815.4,0.007297612
0.000109247,1.60E-19,6.63E-34,9.11E-31,8.41E-16,10973340.9,8.85E-12,299781785.4,0.007297612
0.000108046,1.60E-19,6.63E-34,9.11E-31,8.41E-16,10973339.81,8.85E-12,299781755.4,0.007297613
0.000106845,1.60E-19,6.63E-34,9.11E-31,8.41E-16,10973338.71,8.85E-12,299781725.5,0.007297614
0.000105644,1.60E-19,6.63E-34,9.11E-31,8.41E-16,10973337.61,8.85E-12,299781695.5,0.007297615
0.000104444,1.60E-19,6.63E-34,9.11E-31,8.41E-16,10973336.52,8.85E-12,299781665.5,0.007297615
0.000103243,1.60E-19,6.63E-34,9.11E-31,8.41E-16,10973335.42,8.85E-12,299781635.5,0.007297616
0.000102042,1.60E-19,6.63E-34,9.11E-31,8.41E-16,10973334.32,8.85E-12,299781605.5,0.007297617
0.000100841,1.60E-19,6.63E-34,9.11E-31,8.41E-16,10973333.22,8.85E-12,299781575.6,0.007297617
9.96E-05,1.60E-19,6.63E-34,9.11E-31,8.41E-16,10973332.13,8.85E-12,299781545.6,0.007297618
9.84E-05,1.60E-19,6.63E-34,9.11E-31,8.41E-16,10973331.03,8.85E-12,299781515.6,0.007297619
9.72E-05,1.60E-19,6.63E-34,9.11E-31,8.41E-16,10973329.93,8.85E-12,299781485.6,0.00729762
9.60E-05,1.60E-19,6.63E-34,9.11E-31,8.41E-16,10973328.83,8.85E-12,299781455.7,0.00729762
9.48E-05,1.60E-19,6.63E-34,9.11E-31,8.41E-16,10973327.74,8.85E-12,299781425.7,0.007297621
9.36E-05,1.60E-19,6.63E-34,9.11E-31,8.41E-16,10973326.64,8.85E-12,299781395.7,0.007297622
9.24E-05,1.60E-19,6.63E-34,9.11E-31,8.41E-16,10973325.54,8.85E-12,299781365.7,0.007297623
9.12E-05,1.60E-19,6.63E-34,9.11E-31,8.41E-16,10973324.44,8.85E-12,299781335.7,0.007297623
9.00E-05,1.60E-19,6.63E-34,9.11E-31,8.41E-16,10973323.35,8.85E-12,299781305.8,0.007297624
8.88E-05,1.60E-19,6.63E-34,9.11E-31,8.41E-16,10973322.25,8.85E-12,299781275.8,0.007297625
8.76E-05,1.60E-19,6.63E-34,9.11E-31,8.41E-16,10973321.15,8.85E-12,299781245.8,0.007297625
8.64E-05,1.60E-19,6.63E-34,9.11E-31,8.41E-16,10973320.06,8.85E-12,299781215.8,0.007297626
8.52E-05,1.60E-19,6.63E-34,9.11E-31,8.41E-16,10973318.96,8.85E-12,299781185.8,0.007297627
8.40E-05,1.60E-19,6.63E-34,9.11E-31,8.41E-16,10973317.86,8.85E-12,299781155.9,0.007297628
8.28E-05,1.60E-19,6.63E-34,9.11E-31,8.41E-16,10973316.76,8.85E-12,299781125.9,0.007297628
8.16E-05,1.60E-19,6.63E-34,9.11E-31,8.41E-16,10973315.67,8.85E-12,299781095.9,0.007297629
8.04E-05,1.60E-19,6.63E-34,9.11E-31,8.41E-16,10973314.57,8.85E-12,299781065.9,0.00729763
7.92E-05,1.60E-19,6.63E-34,9.11E-31,8.41E-16,10973313.47,8.85E-12,299781036,0.007297631
7.80E-05,1.60E-19,6.63E-34,9.11E-31,8.41E-16,10973312.37,8.85E-12,299781006,0.007297631
7.68E-05,1.60E-19,6.63E-34,9.11E-31,8.41E-16,10973311.28,8.85E-12,299780976,0.007297632
7.56E-05,1.60E-19,6.63E-34,9.11E-31,8.41E-16,10973310.18,8.85E-12,299780946,0.007297633
7.44E-05,1.60E-19,6.63E-34,9.11E-31,8.41E-16,10973309.08,8.85E-12,299780916,0.007297634
7.32E-05,1.60E-19,6.63E-34,9.11E-31,8.41E-16,10973307.98,8.85E-12,299780886.1,0.007297634
7.20E-05,1.60E-19,6.63E-34,9.11E-31,8.41E-16,10973306.89,8.85E-12,299780856.1,0.007297635
7.08E-05,1.60E-19,6.63E-34,9.11E-31,8.41E-16,10973305.79,8.85E-12,299780826.1,0.007297636
6.96E-05,1.60E-19,6.63E-34,9.11E-31,8.41E-16,10973304.69,8.85E-12,299780796.1,0.007297636
6.84E-05,1.60E-19,6.63E-34,9.11E-31,8.41E-16,10973303.6,8.85E-12,299780766.2,0.007297637
6.72E-05,1.60E-19,6.63E-34,9.11E-31,8.41E-16,10973302.5,8.85E-12,299780736.2,0.007297638
6.60E-05,1.60E-19,6.63E-34,9.11E-31,8.41E-16,10973301.4,8.85E-12,299780706.2,0.007297639
6.48E-05,1.60E-19,6.63E-34,9.11E-31,8.41E-16,10973300.3,8.85E-12,299780676.2,0.007297639
6.36E-05,1.60E-19,6.63E-34,9.11E-31,8.41E-16,10973299.21,8.85E-12,299780646.2,0.00729764
6.24E-05,1.60E-19,6.63E-34,9.11E-31,8.41E-16,10973298.11,8.85E-12,299780616.3,0.007297641
6.12E-05,1.60E-19,6.63E-34,9.11E-31,8.41E-16,10973297.01,8.85E-12,299780586.3,0.007297642
6.00E-05,1.60E-19,6.63E-34,9.11E-31,8.41E-16,10973295.91,8.85E-12,299780556.3,0.007297642
5.88E-05,1.60E-19,6.63E-34,9.11E-31,8.41E-16,10973294.82,8.85E-12,299780526.3,0.007297643
5.76E-05,1.60E-19,6.63E-34,9.11E-31,8.41E-16,10973293.72,8.85E-12,299780496.3,0.007297644
5.64E-05,1.60E-19,6.63E-34,9.11E-31,8.41E-16,10973292.62,8.85E-12,299780466.4,0.007297644
5.52E-05,1.60E-19,6.63E-34,9.11E-31,8.41E-16,10973291.52,8.85E-12,299780436.4,0.007297645
5.40E-05,1.60E-19,6.63E-34,9.11E-31,8.41E-16,10973290.43,8.85E-12,299780406.4,0.007297646
5.28E-05,1.60E-19,6.63E-34,9.11E-31,8.41E-16,10973289.33,8.85E-12,299780376.4,0.007297647
5.16E-05,1.60E-19,6.63E-34,9.11E-31,8.41E-16,10973288.23,8.85E-12,299780346.5,0.007297647
5.04E-05,1.60E-19,6.63E-34,9.11E-31,8.41E-16,10973287.14,8.85E-12,299780316.5,0.007297648
4.92E-05,1.60E-19,6.63E-34,9.11E-31,8.41E-16,10973286.04,8.85E-12,299780286.5,0.007297649
4.80E-05,1.60E-19,6.63E-34,9.11E-31,8.41E-16,10973284.94,8.85E-12,299780256.5,0.00729765
4.68E-05,1.60E-19,6.63E-34,9.11E-31,8.41E-16,10973283.84,8.85E-12,299780226.5,0.00729765
4.56E-05,1.60E-19,6.63E-34,9.11E-31,8.41E-16,10973282.75,8.85E-12,299780196.6,0.007297651
4.44E-05,1.60E-19,6.63E-34,9.11E-31,8.41E-16,10973281.65,8.85E-12,299780166.6,0.007297652
4.32E-05,1.60E-19,6.63E-34,9.11E-31,8.41E-16,10973280.55,8.85E-12,299780136.6,0.007297652
4.20E-05,1.60E-19,6.63E-34,9.11E-31,8.41E-16,10973279.45,8.85E-12,299780106.6,0.007297653
4.08E-05,1.60E-19,6.63E-34,9.11E-31,8.41E-16,10973278.36,8.85E-12,299780076.7,0.007297654
3.96E-05,1.60E-19,6.63E-34,9.11E-31,8.41E-16,10973277.26,8.85E-12,299780046.7,0.007297655
3.84E-05,1.60E-19,6.63E-34,9.11E-31,8.41E-16,10973276.16,8.85E-12,299780016.7,0.007297655
3.72E-05,1.60E-19,6.63E-34,9.11E-31,8.41E-16,10973275.06,8.85E-12,299779986.7,0.007297656
3.60E-05,1.60E-19,6.63E-34,9.11E-31,8.41E-16,10973273.97,8.85E-12,299779956.7,0.007297657
3.48E-05,1.60E-19,6.63E-34,9.11E-31,8.41E-16,10973272.87,8.85E-12,299779926.8,0.007297658
3.36E-05,1.60E-19,6.63E-34,9.11E-31,8.41E-16,10973271.77,8.85E-12,299779896.8,0.007297658
3.24E-05,1.60E-19,6.63E-34,9.11E-31,8.41E-16,10973270.68,8.85E-12,299779866.8,0.007297659
3.12E-05,1.60E-19,6.63E-34,9.11E-31,8.41E-16,10973269.58,8.85E-12,299779836.8,0.00729766
3.00E-05,1.60E-19,6.63E-34,9.11E-31,8.41E-16,10973268.48,8.85E-12,299779806.8,0.007297661
2.88E-05,1.60E-19,6.63E-34,9.11E-31,8.41E-16,10973267.38,8.85E-12,299779776.9,0.007297661
2.76E-05,1.60E-19,6.63E-34,9.11E-31,8.41E-16,10973266.29,8.85E-12,299779746.9,0.007297662
2.64E-05,1.60E-19,6.63E-34,9.11E-31,8.41E-16,10973265.19,8.85E-12,299779716.9,0.007297663
2.52E-05,1.60E-19,6.63E-34,9.11E-31,8.41E-16,10973264.09,8.85E-12,299779686.9,0.007297663
2.40E-05,1.60E-19,6.63E-34,9.11E-31,8.41E-16,10973262.99,8.85E-12,299779657,0.007297664
2.28E-05,1.60E-19,6.63E-34,9.11E-31,8.41E-16,10973261.9,8.85E-12,299779627,0.007297665
2.16E-05,1.60E-19,6.63E-34,9.11E-31,8.41E-16,10973260.8,8.85E-12,299779597,0.007297666
2.04E-05,1.60E-19,6.63E-34,9.11E-31,8.41E-16,10973259.7,8.85E-12,299779567,0.007297666
1.92E-05,1.60E-19,6.63E-34,9.11E-31,8.41E-16,10973258.6,8.85E-12,299779537,0.007297667
1.80E-05,1.60E-19,6.63E-34,9.11E-31,8.41E-16,10973257.51,8.85E-12,299779507.1,0.007297668
1.68E-05,1.60E-19,6.63E-34,9.11E-31,8.41E-16,10973256.41,8.85E-12,299779477.1,0.007297669
1.56E-05,1.60E-19,6.63E-34,9.11E-31,8.41E-16,10973255.31,8.85E-12,299779447.1,0.007297669
1.43E-05,1.60E-19,6.63E-34,9.11E-31,8.41E-16,10973254.11,8.85E-12,299779414.1,0.00729767
1.41E-05,1.60E-19,6.63E-34,9.11E-31,8.41E-16,10973254,8.85E-12,299779411.1,0.00729767
1.40E-05,1.60E-19,6.63E-34,9.11E-31,8.41E-16,10973253.89,8.85E-12,299779408.1,0.00729767
1.39E-05,1.60E-19,6.63E-34,9.11E-31,8.41E-16,10973253.78,8.85E-12,299779405.1,0.00729767
1.38E-05,1.60E-19,6.63E-34,9.11E-31,8.41E-16,10973253.67,8.85E-12,299779402.1,0.00729767
1.37E-05,1.60E-19,6.63E-34,9.11E-31,8.41E-16,10973253.56,8.85E-12,299779399.1,0.00729767
1.35E-05,1.60E-19,6.63E-34,9.11E-31,8.41E-16,10973253.45,8.85E-12,299779396.1,0.007297671
1.34E-05,1.60E-19,6.63E-34,9.11E-31,8.41E-16,10973253.34,8.85E-12,299779393.1,0.007297671
1.33E-05,1.60E-19,6.63E-34,9.11E-31,8.41E-16,10973253.23,8.85E-12,299779390.2,0.007297671
1.32E-05,1.60E-19,6.63E-34,9.11E-31,8.41E-16,10973253.12,8.85E-12,299779387.2,0.007297671
1.31E-05,1.60E-19,6.63E-34,9.11E-31,8.41E-16,10973253.01,8.85E-12,299779384.2,0.007297671
1.29E-05,1.60E-19,6.63E-34,9.11E-31,8.41E-16,10973252.9,8.85E-12,299779381.2,0.007297671
1.28E-05,1.60E-19,6.63E-34,9.11E-31,8.41E-16,10973252.79,8.85E-12,299779378.2,0.007297671
1.27E-05,1.60E-19,6.63E-34,9.11E-31,8.41E-16,10973252.68,8.85E-12,299779375.2,0.007297671
1.26E-05,1.60E-19,6.63E-34,9.11E-31,8.41E-16,10973252.57,8.85E-12,299779372.2,0.007297671
1.25E-05,1.60E-19,6.63E-34,9.11E-31,8.41E-16,10973252.46,8.85E-12,299779369.2,0.007297671
1.23E-05,1.60E-19,6.63E-34,9.11E-31,8.41E-16,10973252.35,8.85E-12,299779366.2,0.007297671
1.22E-05,1.60E-19,6.63E-34,9.11E-31,8.41E-16,10973252.24,8.85E-12,299779363.2,0.007297671
1.21E-05,1.60E-19,6.63E-34,9.11E-31,8.41E-16,10973252.13,8.85E-12,299779360.2,0.007297671
1.20E-05,1.60E-19,6.63E-34,9.11E-31,8.41E-16,10973252.02,8.85E-12,299779357.2,0.007297671
1.19E-05,1.60E-19,6.63E-34,9.11E-31,8.41E-16,10973251.91,8.85E-12,299779354.2,0.007297672
1.17E-05,1.60E-19,6.63E-34,9.11E-31,8.41E-16,10973251.8,8.85E-12,299779351.2,0.007297672
1.16E-05,1.60E-19,6.63E-34,9.11E-31,8.41E-16,10973251.69,8.85E-12,299779348.2,0.007297672
1.15E-05,1.60E-19,6.63E-34,9.11E-31,8.41E-16,10973251.58,8.85E-12,299779345.2,0.007297672
1.14E-05,1.60E-19,6.63E-34,9.11E-31,8.41E-16,10973251.47,8.85E-12,299779342.2,0.007297672
1.13E-05,1.60E-19,6.63E-34,9.11E-31,8.41E-16,10973251.36,8.85E-12,299779339.2,0.007297672
1.11E-05,1.60E-19,6.63E-34,9.11E-31,8.41E-16,10973251.25,8.85E-12,299779336.2,0.007297672
1.10E-05,1.60E-19,6.63E-34,9.11E-31,8.41E-16,10973251.14,8.85E-12,299779333.2,0.007297672
1.09E-05,1.60E-19,6.63E-34,9.11E-31,8.41E-16,10973251.03,8.85E-12,299779330.2,0.007297672
1.08E-05,1.60E-19,6.63E-34,9.11E-31,8.41E-16,10973250.92,8.85E-12,299779327.2,0.007297672
1.07E-05,1.60E-19,6.63E-34,9.11E-31,8.41E-16,10973250.81,8.85E-12,299779324.2,0.007297672
1.05E-05,1.60E-19,6.63E-34,9.11E-31,8.41E-16,10973250.7,8.85E-12,299779321.2,0.007297672
1.04E-05,1.60E-19,6.63E-34,9.11E-31,8.41E-16,10973250.59,8.85E-12,299779318.2,0.007297672
1.03E-05,1.60E-19,6.63E-34,9.11E-31,8.41E-16,10973250.48,8.85E-12,299779315.2,0.007297672
1.02E-05,1.60E-19,6.63E-34,9.11E-31,8.41E-16,10973250.37,8.85E-12,299779312.2,0.007297673
1.01E-05,1.60E-19,6.63E-34,9.11E-31,8.41E-16,10973250.26,8.85E-12,299779309.2,0.007297673
9.94E-06,1.60E-19,6.63E-34,9.11E-31,8.41E-16,10973250.15,8.85E-12,299779306.2,0.007297673
9.82E-06,1.60E-19,6.63E-34,9.11E-31,8.41E-16,10973250.05,8.85E-12,299779303.2,0.007297673
9.70E-06,1.60E-19,6.63E-34,9.11E-31,8.41E-16,10973249.94,8.85E-12,299779300.2,0.007297673
9.58E-06,1.60E-19,6.63E-34,9.11E-31,8.41E-16,10973249.83,8.85E-12,299779297.2,0.007297673
9.46E-06,1.60E-19,6.63E-34,9.11E-31,8.41E-16,10973249.72,8.85E-12,299779294.2,0.007297673
9.34E-06,1.60E-19,6.63E-34,9.11E-31,8.41E-16,10973249.61,8.85E-12,299779291.2,0.007297673
9.22E-06,1.60E-19,6.63E-34,9.11E-31,8.41E-16,10973249.5,8.85E-12,299779288.2,0.007297673
9.10E-06,1.60E-19,6.63E-34,9.11E-31,8.41E-16,10973249.39,8.85E-12,299779285.2,0.007297673
8.98E-06,1.60E-19,6.63E-34,9.11E-31,8.41E-16,10973249.28,8.85E-12,299779282.2,0.007297673
8.86E-06,1.60E-19,6.63E-34,9.11E-31,8.41E-16,10973249.17,8.85E-12,299779279.2,0.007297673
8.74E-06,1.60E-19,6.63E-34,9.11E-31,8.41E-16,10973249.06,8.85E-12,299779276.2,0.007297673
8.62E-06,1.60E-19,6.63E-34,9.11E-31,8.41E-16,10973248.95,8.85E-12,299779273.2,0.007297674
8.50E-06,1.60E-19,6.63E-34,9.11E-31,8.41E-16,10973248.84,8.85E-12,299779270.2,0.007297674
8.38E-06,1.60E-19,6.63E-34,9.11E-31,8.41E-16,10973248.73,8.85E-12,299779267.2,0.007297674
8.26E-06,1.60E-19,6.63E-34,9.11E-31,8.41E-16,10973248.62,8.85E-12,299779264.2,0.007297674
8.14E-06,1.60E-19,6.63E-34,9.11E-31,8.41E-16,10973248.51,8.85E-12,299779261.2,0.007297674
8.02E-06,1.60E-19,6.63E-34,9.11E-31,8.41E-16,10973248.4,8.85E-12,299779258.2,0.007297674
7.90E-06,1.60E-19,6.63E-34,9.11E-31,8.41E-16,10973248.29,8.85E-12,299779255.3,0.007297674
7.78E-06,1.60E-19,6.63E-34,9.11E-31,8.41E-16,10973248.18,8.85E-12,299779252.3,0.007297674
7.66E-06,1.60E-19,6.63E-34,9.11E-31,8.41E-16,10973248.07,8.85E-12,299779249.3,0.007297674
7.54E-06,1.60E-19,6.63E-34,9.11E-31,8.41E-16,10973247.96,8.85E-12,299779246.3,0.007297674
7.42E-06,1.60E-19,6.63E-34,9.11E-31,8.41E-16,10973247.85,8.85E-12,299779243.3,0.007297674
7.30E-06,1.60E-19,6.63E-34,9.11E-31,8.41E-16,10973247.74,8.85E-12,299779240.3,0.007297674
7.18E-06,1.60E-19,6.63E-34,9.11E-31,8.41E-16,10973247.63,8.85E-12,299779237.3,0.007297674
7.06E-06,1.60E-19,6.63E-34,9.11E-31,8.41E-16,10973247.52,8.85E-12,299779234.3,0.007297674
6.94E-06,1.60E-19,6.63E-34,9.11E-31,8.41E-16,10973247.41,8.85E-12,299779231.3,0.007297675
6.82E-06,1.60E-19,6.63E-34,9.11E-31,8.41E-16,10973247.3,8.85E-12,299779228.3,0.007297675
6.70E-06,1.60E-19,6.63E-34,9.11E-31,8.41E-16,10973247.19,8.85E-12,299779225.3,0.007297675
6.58E-06,1.60E-19,6.63E-34,9.11E-31,8.41E-16,10973247.08,8.85E-12,299779222.3,0.007297675
6.46E-06,1.60E-19,6.63E-34,9.11E-31,8.41E-16,10973246.97,8.85E-12,299779219.3,0.007297675
6.34E-06,1.60E-19,6.63E-34,9.11E-31,8.41E-16,10973246.86,8.85E-12,299779216.3,0.007297675
6.22E-06,1.60E-19,6.63E-34,9.11E-31,8.41E-16,10973246.75,8.85E-12,299779213.3,0.007297675
6.10E-06,1.60E-19,6.63E-34,9.11E-31,8.41E-16,10973246.64,8.85E-12,299779210.3,0.007297675
5.98E-06,1.60E-19,6.63E-34,9.11E-31,8.41E-16,10973246.53,8.85E-12,299779207.3,0.007297675
5.86E-06,1.60E-19,6.63E-34,9.11E-31,8.41E-16,10973246.42,8.85E-12,299779204.3,0.007297675
5.74E-06,1.60E-19,6.63E-34,9.11E-31,8.41E-16,10973246.31,8.85E-12,299779201.3,0.007297675
5.62E-06,1.60E-19,6.63E-34,9.11E-31,8.41E-16,10973246.2,8.85E-12,299779198.3,0.007297675
5.50E-06,1.60E-19,6.63E-34,9.11E-31,8.41E-16,10973246.09,8.85E-12,299779195.3,0.007297675
5.38E-06,1.60E-19,6.63E-34,9.11E-31,8.41E-16,10973245.99,8.85E-12,299779192.3,0.007297675
5.26E-06,1.60E-19,6.63E-34,9.11E-31,8.41E-16,10973245.88,8.85E-12,299779189.3,0.007297676
5.14E-06,1.60E-19,6.63E-34,9.11E-31,8.41E-16,10973245.77,8.85E-12,299779186.3,0.007297676
5.02E-06,1.60E-19,6.63E-34,9.11E-31,8.41E-16,10973245.66,8.85E-12,299779183.3,0.007297676
4.90E-06,1.60E-19,6.63E-34,9.11E-31,8.41E-16,10973245.55,8.85E-12,299779180.3,0.007297676
4.78E-06,1.60E-19,6.63E-34,9.11E-31,8.41E-16,10973245.44,8.85E-12,299779177.3,0.007297676
4.66E-06,1.60E-19,6.63E-34,9.11E-31,8.41E-16,10973245.33,8.85E-12,299779174.3,0.007297676
4.54E-06,1.60E-19,6.63E-34,9.11E-31,8.41E-16,10973245.22,8.85E-12,299779171.3,0.007297676
4.42E-06,1.60E-19,6.63E-34,9.11E-31,8.41E-16,10973245.11,8.85E-12,299779168.3,0.007297676
4.30E-06,1.60E-19,6.63E-34,9.11E-31,8.41E-16,10973245,8.85E-12,299779165.3,0.007297676
4.18E-06,1.60E-19,6.63E-34,9.11E-31,8.41E-16,10973244.89,8.85E-12,299779162.3,0.007297676
4.06E-06,1.60E-19,6.63E-34,9.11E-31,8.41E-16,10973244.78,8.85E-12,299779159.3,0.007297676
3.94E-06,1.60E-19,6.63E-34,9.11E-31,8.41E-16,10973244.67,8.85E-12,299779156.3,0.007297676
3.82E-06,1.60E-19,6.63E-34,9.11E-31,8.41E-16,10973244.56,8.85E-12,299779153.3,0.007297676
3.70E-06,1.60E-19,6.63E-34,9.11E-31,8.41E-16,10973244.45,8.85E-12,299779150.3,0.007297676
3.58E-06,1.60E-19,6.63E-34,9.11E-31,8.41E-16,10973244.34,8.85E-12,299779147.3,0.007297677
3.46E-06,1.60E-19,6.63E-34,9.11E-31,8.41E-16,10973244.23,8.85E-12,299779144.3,0.007297677
3.34E-06,1.60E-19,6.63E-34,9.11E-31,8.41E-16,10973244.12,8.85E-12,299779141.3,0.007297677
3.22E-06,1.60E-19,6.63E-34,9.11E-31,8.41E-16,10973244.01,8.85E-12,299779138.3,0.007297677
3.10E-06,1.60E-19,6.63E-34,9.11E-31,8.41E-16,10973243.9,8.85E-12,299779135.3,0.007297677
2.98E-06,1.60E-19,6.63E-34,9.11E-31,8.41E-16,10973243.79,8.85E-12,299779132.3,0.007297677
2.86E-06,1.60E-19,6.63E-34,9.11E-31,8.41E-16,10973243.68,8.85E-12,299779129.3,0.007297677
2.74E-06,1.60E-19,6.63E-34,9.11E-31,8.41E-16,10973243.57,8.85E-12,299779126.3,0.007297677
2.62E-06,1.60E-19,6.63E-34,9.11E-31,8.41E-16,10973243.46,8.85E-12,299779123.3,0.007297677
2.50E-06,1.60E-19,6.63E-34,9.11E-31,8.41E-16,10973243.35,8.85E-12,299779120.4,0.007297677
2.37E-06,1.60E-19,6.63E-34,9.11E-31,8.41E-16,10973243.24,8.85E-12,299779117.4,0.007297677
2.25E-06,1.60E-19,6.63E-34,9.11E-31,8.41E-16,10973243.13,8.85E-12,299779114.4,0.007297677
2.13E-06,1.60E-19,6.63E-34,9.11E-31,8.41E-16,10973243.02,8.85E-12,299779111.4,0.007297677
2.01E-06,1.60E-19,6.63E-34,9.11E-31,8.41E-16,10973242.91,8.85E-12,299779108.4,0.007297678
1.89E-06,1.60E-19,6.63E-34,9.11E-31,8.41E-16,10973242.8,8.85E-12,299779105.4,0.007297678
1.77E-06,1.60E-19,6.63E-34,9.11E-31,8.41E-16,10973242.69,8.85E-12,299779102.4,0.007297678
1.65E-06,1.60E-19,6.63E-34,9.11E-31,8.41E-16,10973242.58,8.85E-12,299779099.4,0.007297678
1.53E-06,1.60E-19,6.63E-34,9.11E-31,8.41E-16,10973242.47,8.85E-12,299779096.4,0.007297678
1.40E-06,1.60E-19,6.63E-34,9.11E-31,8.41E-16,10973242.35,8.85E-12,299779093.1,0.007297678
1.39E-06,1.60E-19,6.63E-34,9.11E-31,8.41E-16,10973242.34,8.85E-12,299779092.8,0.007297678
1.38E-06,1.60E-19,6.63E-34,9.11E-31,8.41E-16,10973242.33,8.85E-12,299779092.5,0.007297678
1.37E-06,1.60E-19,6.63E-34,9.11E-31,8.41E-16,10973242.32,8.85E-12,299779092.2,0.007297678
1.35E-06,1.60E-19,6.63E-34,9.11E-31,8.41E-16,10973242.31,8.85E-12,299779091.9,0.007297678
1.34E-06,1.60E-19,6.63E-34,9.11E-31,8.41E-16,10973242.3,8.85E-12,299779091.6,0.007297678
1.33E-06,1.60E-19,6.63E-34,9.11E-31,8.41E-16,10973242.29,8.85E-12,299779091.3,0.007297678
1.32E-06,1.60E-19,6.63E-34,9.11E-31,8.41E-16,10973242.28,8.85E-12,299779091,0.007297678
1.31E-06,1.60E-19,6.63E-34,9.11E-31,8.41E-16,10973242.27,8.85E-12,299779090.7,0.007297678
1.29E-06,1.60E-19,6.63E-34,9.11E-31,8.41E-16,10973242.25,8.85E-12,299779090.4,0.007297678
1.28E-06,1.60E-19,6.63E-34,9.11E-31,8.41E-16,10973242.24,8.85E-12,299779090.1,0.007297678
1.27E-06,1.60E-19,6.63E-34,9.11E-31,8.41E-16,10973242.23,8.85E-12,299779089.8,0.007297678
1.26E-06,1.60E-19,6.63E-34,9.11E-31,8.41E-16,10973242.22,8.85E-12,299779089.5,0.007297678
1.25E-06,1.60E-19,6.63E-34,9.11E-31,8.41E-16,10973242.21,8.85E-12,299779089.2,0.007297678
1.23E-06,1.60E-19,6.63E-34,9.11E-31,8.41E-16,10973242.2,8.85E-12,299779088.9,0.007297678
1.22E-06,1.60E-19,6.63E-34,9.11E-31,8.41E-16,10973242.19,8.85E-12,299779088.6,0.007297678
1.21E-06,1.60E-19,6.63E-34,9.11E-31,8.41E-16,10973242.18,8.85E-12,299779088.3,0.007297678
1.20E-06,1.60E-19,6.63E-34,9.11E-31,8.41E-16,10973242.17,8.85E-12,299779088,0.007297678
1.19E-06,1.60E-19,6.63E-34,9.11E-31,8.41E-16,10973242.16,8.85E-12,299779087.7,0.007297678
1.17E-06,1.60E-19,6.63E-34,9.11E-31,8.41E-16,10973242.14,8.85E-12,299779087.4,0.007297678
1.16E-06,1.60E-19,6.63E-34,9.11E-31,8.41E-16,10973242.13,8.85E-12,299779087.1,0.007297678
1.15E-06,1.60E-19,6.63E-34,9.11E-31,8.41E-16,10973242.12,8.85E-12,299779086.8,0.007297678
1.14E-06,1.60E-19,6.63E-34,9.11E-31,8.41E-16,10973242.11,8.85E-12,299779086.5,0.007297678
1.13E-06,1.60E-19,6.63E-34,9.11E-31,8.41E-16,10973242.1,8.85E-12,299779086.2,0.007297678
1.11E-06,1.60E-19,6.63E-34,9.11E-31,8.41E-16,10973242.09,8.85E-12,299779085.9,0.007297678
1.10E-06,1.60E-19,6.63E-34,9.11E-31,8.41E-16,10973242.08,8.85E-12,299779085.6,0.007297678
1.09E-06,1.60E-19,6.63E-34,9.11E-31,8.41E-16,10973242.07,8.85E-12,299779085.3,0.007297678
1.08E-06,1.60E-19,6.63E-34,9.11E-31,8.41E-16,10973242.06,8.85E-12,299779085,0.007297678
1.07E-06,1.60E-19,6.63E-34,9.11E-31,8.41E-16,10973242.05,8.85E-12,299779084.7,0.007297678
1.05E-06,1.60E-19,6.63E-34,9.11E-31,8.41E-16,10973242.03,8.85E-12,299779084.4,0.007297678
1.04E-06,1.60E-19,6.63E-34,9.11E-31,8.41E-16,10973242.02,8.85E-12,299779084.1,0.007297678
1.03E-06,1.60E-19,6.63E-34,9.11E-31,8.41E-16,10973242.01,8.85E-12,299779083.8,0.007297678
1.02E-06,1.60E-19,6.63E-34,9.11E-31,8.41E-16,10973242,8.85E-12,299779083.5,0.007297678
1.01E-06,1.60E-19,6.63E-34,9.11E-31,8.41E-16,10973241.99,8.85E-12,299779083.2,0.007297678
9.94E-07,1.60E-19,6.63E-34,9.11E-31,8.41E-16,10973241.98,8.85E-12,299779082.9,0.007297678
9.82E-07,1.60E-19,6.63E-34,9.11E-31,8.41E-16,10973241.97,8.85E-12,299779082.6,0.007297678
9.70E-07,1.60E-19,6.63E-34,9.11E-31,8.41E-16,10973241.96,8.85E-12,299779082.3,0.007297678
9.58E-07,1.60E-19,6.63E-34,9.11E-31,8.41E-16,10973241.95,8.85E-12,299779082,0.007297678
9.46E-07,1.60E-19,6.63E-34,9.11E-31,8.41E-16,10973241.94,8.85E-12,299779081.7,0.007297678
9.34E-07,1.60E-19,6.63E-34,9.11E-31,8.41E-16,10973241.92,8.85E-12,299779081.4,0.007297678
9.22E-07,1.60E-19,6.63E-34,9.11E-31,8.41E-16,10973241.91,8.85E-12,299779081.1,0.007297678
9.10E-07,1.60E-19,6.63E-34,9.11E-31,8.41E-16,10973241.9,8.85E-12,299779080.8,0.007297678
8.98E-07,1.60E-19,6.63E-34,9.11E-31,8.41E-16,10973241.89,8.85E-12,299779080.5,0.007297678
8.86E-07,1.60E-19,6.63E-34,9.11E-31,8.41E-16,10973241.88,8.85E-12,299779080.2,0.007297678
8.74E-07,1.60E-19,6.63E-34,9.11E-31,8.41E-16,10973241.87,8.85E-12,299779079.9,0.007297678
8.62E-07,1.60E-19,6.63E-34,9.11E-31,8.41E-16,10973241.86,8.85E-12,299779079.6,0.007297678
8.50E-07,1.60E-19,6.63E-34,9.11E-31,8.41E-16,10973241.85,8.85E-12,299779079.3,0.007297678
8.38E-07,1.60E-19,6.63E-34,9.11E-31,8.41E-16,10973241.84,8.85E-12,299779079,0.007297678
8.26E-07,1.60E-19,6.63E-34,9.11E-31,8.41E-16,10973241.83,8.85E-12,299779078.7,0.007297678
8.14E-07,1.60E-19,6.63E-34,9.11E-31,8.41E-16,10973241.82,8.85E-12,299779078.4,0.007297678
8.02E-07,1.60E-19,6.63E-34,9.11E-31,8.41E-16,10973241.8,8.85E-12,299779078.1,0.007297678
7.90E-07,1.60E-19,6.63E-34,9.11E-31,8.41E-16,10973241.79,8.85E-12,299779077.8,0.007297678
7.78E-07,1.60E-19,6.63E-34,9.11E-31,8.41E-16,10973241.78,8.85E-12,299779077.5,0.007297678
7.66E-07,1.60E-19,6.63E-34,9.11E-31,8.41E-16,10973241.77,8.85E-12,299779077.2,0.007297678
7.54E-07,1.60E-19,6.63E-34,9.11E-31,8.41E-16,10973241.76,8.85E-12,299779076.9,0.007297678
7.42E-07,1.60E-19,6.63E-34,9.11E-31,8.41E-16,10973241.75,8.85E-12,299779076.6,0.007297678
7.30E-07,1.60E-19,6.63E-34,9.11E-31,8.41E-16,10973241.74,8.85E-12,299779076.3,0.007297678
7.18E-07,1.60E-19,6.63E-34,9.11E-31,8.41E-16,10973241.73,8.85E-12,299779076,0.007297678
7.06E-07,1.60E-19,6.63E-34,9.11E-31,8.41E-16,10973241.72,8.85E-12,299779075.7,0.007297678
6.94E-07,1.60E-19,6.63E-34,9.11E-31,8.41E-16,10973241.71,8.85E-12,299779075.4,0.007297678
6.82E-07,1.60E-19,6.63E-34,9.11E-31,8.41E-16,10973241.69,8.85E-12,299779075.1,0.007297678
6.70E-07,1.60E-19,6.63E-34,9.11E-31,8.41E-16,10973241.68,8.85E-12,299779074.8,0.007297678
6.58E-07,1.60E-19,6.63E-34,9.11E-31,8.41E-16,10973241.67,8.85E-12,299779074.5,0.007297678
6.46E-07,1.60E-19,6.63E-34,9.11E-31,8.41E-16,10973241.66,8.85E-12,299779074.2,0.007297678
6.34E-07,1.60E-19,6.63E-34,9.11E-31,8.41E-16,10973241.65,8.85E-12,299779073.9,0.007297678
6.22E-07,1.60E-19,6.63E-34,9.11E-31,8.41E-16,10973241.64,8.85E-12,299779073.6,0.007297678
6.10E-07,1.60E-19,6.63E-34,9.11E-31,8.41E-16,10973241.63,8.85E-12,299779073.3,0.007297678
5.98E-07,1.60E-19,6.63E-34,9.11E-31,8.41E-16,10973241.62,8.85E-12,299779073,0.007297678
5.86E-07,1.60E-19,6.63E-34,9.11E-31,8.41E-16,10973241.61,8.85E-12,299779072.7,0.007297678
5.74E-07,1.60E-19,6.63E-34,9.11E-31,8.41E-16,10973241.6,8.85E-12,299779072.4,0.007297678
5.62E-07,1.60E-19,6.63E-34,9.11E-31,8.41E-16,10973241.58,8.85E-12,299779072.1,0.007297678
5.50E-07,1.60E-19,6.63E-34,9.11E-31,8.41E-16,10973241.57,8.85E-12,299779071.8,0.007297678
5.38E-07,1.60E-19,6.63E-34,9.11E-31,8.41E-16,10973241.56,8.85E-12,299779071.5,0.007297678
5.26E-07,1.60E-19,6.63E-34,9.11E-31,8.41E-16,10973241.55,8.85E-12,299779071.2,0.007297678
5.14E-07,1.60E-19,6.63E-34,9.11E-31,8.41E-16,10973241.54,8.85E-12,299779070.9,0.007297678
5.02E-07,1.60E-19,6.63E-34,9.11E-31,8.41E-16,10973241.53,8.85E-12,299779070.6,0.007297678
4.90E-07,1.60E-19,6.63E-34,9.11E-31,8.41E-16,10973241.52,8.85E-12,299779070.3,0.007297678
4.78E-07,1.60E-19,6.63E-34,9.11E-31,8.41E-16,10973241.51,8.85E-12,299779070,0.007297678
4.66E-07,1.60E-19,6.63E-34,9.11E-31,8.41E-16,10973241.5,8.85E-12,299779069.7,0.007297678
4.54E-07,1.60E-19,6.63E-34,9.11E-31,8.41E-16,10973241.49,8.85E-12,299779069.4,0.007297678
4.42E-07,1.60E-19,6.63E-34,9.11E-31,8.41E-16,10973241.48,8.85E-12,299779069.1,0.007297678
4.30E-07,1.60E-19,6.63E-34,9.11E-31,8.41E-16,10973241.46,8.85E-12,299779068.8,0.007297678
4.17E-07,1.60E-19,6.63E-34,9.11E-31,8.41E-16,10973241.45,8.85E-12,299779068.5,0.007297678
4.05E-07,1.60E-19,6.63E-34,9.11E-31,8.41E-16,10973241.44,8.85E-12,299779068.2,0.007297678
3.93E-07,1.60E-19,6.63E-34,9.11E-31,8.41E-16,10973241.43,8.85E-12,299779067.9,0.007297678
3.81E-07,1.60E-19,6.63E-34,9.11E-31,8.41E-16,10973241.42,8.85E-12,299779067.6,0.007297679
3.69E-07,1.60E-19,6.63E-34,9.11E-31,8.41E-16,10973241.41,8.85E-12,299779067.3,0.007297679
3.57E-07,1.60E-19,6.63E-34,9.11E-31,8.41E-16,10973241.4,8.85E-12,299779067,0.007297679
3.45E-07,1.60E-19,6.63E-34,9.11E-31,8.41E-16,10973241.39,8.85E-12,299779066.7,0.007297679
3.33E-07,1.60E-19,6.63E-34,9.11E-31,8.41E-16,10973241.38,8.85E-12,299779066.4,0.007297679
3.21E-07,1.60E-19,6.63E-34,9.11E-31,8.41E-16,10973241.37,8.85E-12,299779066.1,0.007297679
3.09E-07,1.60E-19,6.63E-34,9.11E-31,8.41E-16,10973241.35,8.85E-12,299779065.8,0.007297679
2.97E-07,1.60E-19,6.63E-34,9.11E-31,8.41E-16,10973241.34,8.85E-12,299779065.5,0.007297679
2.85E-07,1.60E-19,6.63E-34,9.11E-31,8.41E-16,10973241.33,8.85E-12,299779065.2,0.007297679
2.73E-07,1.60E-19,6.63E-34,9.11E-31,8.41E-16,10973241.32,8.85E-12,299779064.9,0.007297679
2.61E-07,1.60E-19,6.63E-34,9.11E-31,8.41E-16,10973241.31,8.85E-12,299779064.6,0.007297679
2.49E-07,1.60E-19,6.63E-34,9.11E-31,8.41E-16,10973241.3,8.85E-12,299779064.3,0.007297679
2.37E-07,1.60E-19,6.63E-34,9.11E-31,8.41E-16,10973241.29,8.85E-12,299779064,0.007297679
2.25E-07,1.60E-19,6.63E-34,9.11E-31,8.41E-16,10973241.28,8.85E-12,299779063.7,0.007297679
2.13E-07,1.60E-19,6.63E-34,9.11E-31,8.41E-16,10973241.27,8.85E-12,299779063.4,0.007297679
2.01E-07,1.60E-19,6.63E-34,9.11E-31,8.41E-16,10973241.26,8.85E-12,299779063.1,0.007297679
1.89E-07,1.60E-19,6.63E-34,9.11E-31,8.41E-16,10973241.24,8.85E-12,299779062.8,0.007297679
1.77E-07,1.60E-19,6.63E-34,9.11E-31,8.41E-16,10973241.23,8.85E-12,299779062.5,0.007297679
1.65E-07,1.60E-19,6.63E-34,9.11E-31,8.41E-16,10973241.22,8.85E-12,299779062.2,0.007297679
1.53E-07,1.60E-19,6.63E-34,9.11E-31,8.41E-16,10973241.21,8.85E-12,299779061.9,0.007297679
1.40E-07,1.60E-19,6.63E-34,9.11E-31,8.41E-16,10973241.2,8.85E-12,299779061.6,0.007297679
1.39E-07,1.60E-19,6.63E-34,9.11E-31,8.41E-16,10973241.2,8.85E-12,299779061.5,0.007297679
1.38E-07,1.60E-19,6.63E-34,9.11E-31,8.41E-16,10973241.2,8.85E-12,299779061.5,0.007297679
1.36E-07,1.60E-19,6.63E-34,9.11E-31,8.41E-16,10973241.2,8.85E-12,299779061.5,0.007297679
1.35E-07,1.60E-19,6.63E-34,9.11E-31,8.41E-16,10973241.2,8.85E-12,299779061.4,0.007297679
1.34E-07,1.60E-19,6.63E-34,9.11E-31,8.41E-16,10973241.19,8.85E-12,299779061.4,0.007297679
1.33E-07,1.60E-19,6.63E-34,9.11E-31,8.41E-16,10973241.19,8.85E-12,299779061.4,0.007297679
1.32E-07,1.60E-19,6.63E-34,9.11E-31,8.41E-16,10973241.19,8.85E-12,299779061.4,0.007297679
1.30E-07,1.60E-19,6.63E-34,9.11E-31,8.41E-16,10973241.19,8.85E-12,299779061.3,0.007297679
1.29E-07,1.60E-19,6.63E-34,9.11E-31,8.41E-16,10973241.19,8.85E-12,299779061.3,0.007297679
1.28E-07,1.60E-19,6.63E-34,9.11E-31,8.41E-16,10973241.19,8.85E-12,299779061.3,0.007297679
1.27E-07,1.60E-19,6.63E-34,9.11E-31,8.41E-16,10973241.19,8.85E-12,299779061.2,0.007297679
1.26E-07,1.60E-19,6.63E-34,9.11E-31,8.41E-16,10973241.19,8.85E-12,299779061.2,0.007297679
1.24E-07,1.60E-19,6.63E-34,9.11E-31,8.41E-16,10973241.19,8.85E-12,299779061.2,0.007297679
1.23E-07,1.60E-19,6.63E-34,9.11E-31,8.41E-16,10973241.18,8.85E-12,299779061.1,0.007297679
1.22E-07,1.60E-19,6.63E-34,9.11E-31,8.41E-16,10973241.18,8.85E-12,299779061.1,0.007297679
1.21E-07,1.60E-19,6.63E-34,9.11E-31,8.41E-16,10973241.18,8.85E-12,299779061.1,0.007297679
1.20E-07,1.60E-19,6.63E-34,9.11E-31,8.41E-16,10973241.18,8.85E-12,299779061.1,0.007297679
1.18E-07,1.60E-19,6.63E-34,9.11E-31,8.41E-16,10973241.18,8.85E-12,299779061,0.007297679
1.17E-07,1.60E-19,6.63E-34,9.11E-31,8.41E-16,10973241.18,8.85E-12,299779061,0.007297679
1.16E-07,1.60E-19,6.63E-34,9.11E-31,8.41E-16,10973241.18,8.85E-12,299779061,0.007297679
1.15E-07,1.60E-19,6.63E-34,9.11E-31,8.41E-16,10973241.18,8.85E-12,299779060.9,0.007297679
1.14E-07,1.60E-19,6.63E-34,9.11E-31,8.41E-16,10973241.18,8.85E-12,299779060.9,0.007297679
1.12E-07,1.60E-19,6.63E-34,9.11E-31,8.41E-16,10973241.17,8.85E-12,299779060.9,0.007297679
1.11E-07,1.60E-19,6.63E-34,9.11E-31,8.41E-16,10973241.17,8.85E-12,299779060.8,0.007297679
1.10E-07,1.60E-19,6.63E-34,9.11E-31,8.41E-16,10973241.17,8.85E-12,299779060.8,0.007297679
1.09E-07,1.60E-19,6.63E-34,9.11E-31,8.41E-16,10973241.17,8.85E-12,299779060.8,0.007297679
1.08E-07,1.60E-19,6.63E-34,9.11E-31,8.41E-16,10973241.17,8.85E-12,299779060.8,0.007297679
1.06E-07,1.60E-19,6.63E-34,9.11E-31,8.41E-16,10973241.17,8.85E-12,299779060.7,0.007297679
1.05E-07,1.60E-19,6.63E-34,9.11E-31,8.41E-16,10973241.17,8.85E-12,299779060.7,0.007297679
1.04E-07,1.60E-19,6.63E-34,9.11E-31,8.41E-16,10973241.17,8.85E-12,299779060.7,0.007297679
1.03E-07,1.60E-19,6.63E-34,9.11E-31,8.41E-16,10973241.17,8.85E-12,299779060.6,0.007297679
1.02E-07,1.60E-19,6.63E-34,9.11E-31,8.41E-16,10973241.16,8.85E-12,299779060.6,0.007297679
1.00E-07,1.60E-19,6.63E-34,9.11E-31,8.41E-16,10973241.16,8.85E-12,299779060.6,0.007297679
9.93E-08,1.60E-19,6.63E-34,9.11E-31,8.41E-16,10973241.16,8.85E-12,299779060.5,0.007297679
9.81E-08,1.60E-19,6.63E-34,9.11E-31,8.41E-16,10973241.16,8.85E-12,299779060.5,0.007297679
9.69E-08,1.60E-19,6.63E-34,9.11E-31,8.41E-16,10973241.16,8.85E-12,299779060.5,0.007297679
9.57E-08,1.60E-19,6.63E-34,9.11E-31,8.41E-16,10973241.16,8.85E-12,299779060.5,0.007297679
9.45E-08,1.60E-19,6.63E-34,9.11E-31,8.41E-16,10973241.16,8.85E-12,299779060.4,0.007297679
9.33E-08,1.60E-19,6.63E-34,9.11E-31,8.41E-16,10973241.16,8.85E-12,299779060.4,0.007297679
9.21E-08,1.60E-19,6.63E-34,9.11E-31,8.41E-16,10973241.16,8.85E-12,299779060.4,0.007297679
9.09E-08,1.60E-19,6.63E-34,9.11E-31,8.41E-16,10973241.15,8.85E-12,299779060.3,0.007297679
8.97E-08,1.60E-19,6.63E-34,9.11E-31,8.41E-16,10973241.15,8.85E-12,299779060.3,0.007297679
8.85E-08,1.60E-19,6.63E-34,9.11E-31,8.41E-16,10973241.15,8.85E-12,299779060.3,0.007297679
8.73E-08,1.60E-19,6.63E-34,9.11E-31,8.41E-16,10973241.15,8.85E-12,299779060.2,0.007297679
8.61E-08,1.60E-19,6.63E-34,9.11E-31,8.41E-16,10973241.15,8.85E-12,299779060.2,0.007297679
8.49E-08,1.60E-19,6.63E-34,9.11E-31,8.41E-16,10973241.15,8.85E-12,299779060.2,0.007297679
8.37E-08,1.60E-19,6.63E-34,9.11E-31,8.41E-16,10973241.15,8.85E-12,299779060.2,0.007297679
8.25E-08,1.60E-19,6.63E-34,9.11E-31,8.41E-16,10973241.15,8.85E-12,299779060.1,0.007297679
8.13E-08,1.60E-19,6.63E-34,9.11E-31,8.41E-16,10973241.15,8.85E-12,299779060.1,0.007297679
8.01E-08,1.60E-19,6.63E-34,9.11E-31,8.41E-16,10973241.14,8.85E-12,299779060.1,0.007297679
7.89E-08,1.60E-19,6.63E-34,9.11E-31,8.41E-16,10973241.14,8.85E-12,299779060,0.007297679
7.76E-08,1.60E-19,6.63E-34,9.11E-31,8.41E-16,10973241.14,8.85E-12,299779060,0.007297679
7.64E-08,1.60E-19,6.63E-34,9.11E-31,8.41E-16,10973241.14,8.85E-12,299779060,0.007297679
7.52E-08,1.60E-19,6.63E-34,9.11E-31,8.41E-16,10973241.14,8.85E-12,299779059.9,0.007297679
7.40E-08,1.60E-19,6.63E-34,9.11E-31,8.41E-16,10973241.14,8.85E-12,299779059.9,0.007297679
7.28E-08,1.60E-19,6.63E-34,9.11E-31,8.41E-16,10973241.14,8.85E-12,299779059.9,0.007297679
7.16E-08,1.60E-19,6.63E-34,9.11E-31,8.41E-16,10973241.14,8.85E-12,299779059.9,0.007297679
7.04E-08,1.60E-19,6.63E-34,9.11E-31,8.41E-16,10973241.14,8.85E-12,299779059.8,0.007297679
6.92E-08,1.60E-19,6.63E-34,9.11E-31,8.41E-16,10973241.13,8.85E-12,299779059.8,0.007297679
6.80E-08,1.60E-19,6.63E-34,9.11E-31,8.41E-16,10973241.13,8.85E-12,299779059.8,0.007297679
6.68E-08,1.60E-19,6.63E-34,9.11E-31,8.41E-16,10973241.13,8.85E-12,299779059.7,0.007297679
6.56E-08,1.60E-19,6.63E-34,9.11E-31,8.41E-16,10973241.13,8.85E-12,299779059.7,0.007297679
6.44E-08,1.60E-19,6.63E-34,9.11E-31,8.41E-16,10973241.13,8.85E-12,299779059.7,0.007297679
6.32E-08,1.60E-19,6.63E-34,9.11E-31,8.41E-16,10973241.13,8.85E-12,299779059.6,0.007297679
6.20E-08,1.60E-19,6.63E-34,9.11E-31,8.41E-16,10973241.13,8.85E-12,299779059.6,0.007297679
6.08E-08,1.60E-19,6.63E-34,9.11E-31,8.41E-16,10973241.13,8.85E-12,299779059.6,0.007297679
5.96E-08,1.60E-19,6.63E-34,9.11E-31,8.41E-16,10973241.13,8.85E-12,299779059.6,0.007297679
5.84E-08,1.60E-19,6.63E-34,9.11E-31,8.41E-16,10973241.12,8.85E-12,299779059.5,0.007297679
5.72E-08,1.60E-19,6.63E-34,9.11E-31,8.41E-16,10973241.12,8.85E-12,299779059.5,0.007297679
5.60E-08,1.60E-19,6.63E-34,9.11E-31,8.41E-16,10973241.12,8.85E-12,299779059.5,0.007297679
5.48E-08,1.60E-19,6.63E-34,9.11E-31,8.41E-16,10973241.12,8.85E-12,299779059.4,0.007297679
5.36E-08,1.60E-19,6.63E-34,9.11E-31,8.41E-16,10973241.12,8.85E-12,299779059.4,0.007297679
5.24E-08,1.60E-19,6.63E-34,9.11E-31,8.41E-16,10973241.12,8.85E-12,299779059.4,0.007297679
5.12E-08,1.60E-19,6.63E-34,9.11E-31,8.41E-16,10973241.12,8.85E-12,299779059.3,0.007297679
5.00E-08,1.60E-19,6.63E-34,9.11E-31,8.41E-16,10973241.12,8.85E-12,299779059.3,0.007297679
4.88E-08,1.60E-19,6.63E-34,9.11E-31,8.41E-16,10973241.12,8.85E-12,299779059.3,0.007297679
4.76E-08,1.60E-19,6.63E-34,9.11E-31,8.41E-16,10973241.12,8.85E-12,299779059.3,0.007297679
4.64E-08,1.60E-19,6.63E-34,9.11E-31,8.41E-16,10973241.11,8.85E-12,299779059.2,0.007297679
4.52E-08,1.60E-19,6.63E-34,9.11E-31,8.41E-16,10973241.11,8.85E-12,299779059.2,0.007297679
4.40E-08,1.60E-19,6.63E-34,9.11E-31,8.41E-16,10973241.11,8.85E-12,299779059.2,0.007297679
4.28E-08,1.60E-19,6.63E-34,9.11E-31,8.41E-16,10973241.11,8.85E-12,299779059.1,0.007297679
4.16E-08,1.60E-19,6.63E-34,9.11E-31,8.41E-16,10973241.11,8.85E-12,299779059.1,0.007297679
4.04E-08,1.60E-19,6.63E-34,9.11E-31,8.41E-16,10973241.11,8.85E-12,299779059.1,0.007297679
3.92E-08,1.60E-19,6.63E-34,9.11E-31,8.41E-16,10973241.11,8.85E-12,299779059,0.007297679
3.80E-08,1.60E-19,6.63E-34,9.11E-31,8.41E-16,10973241.11,8.85E-12,299779059,0.007297679
3.68E-08,1.60E-19,6.63E-34,9.11E-31,8.41E-16,10973241.11,8.85E-12,299779059,0.007297679
3.56E-08,1.60E-19,6.63E-34,9.11E-31,8.41E-16,10973241.1,8.85E-12,299779059,0.007297679
3.44E-08,1.60E-19,6.63E-34,9.11E-31,8.41E-16,10973241.1,8.85E-12,299779058.9,0.007297679
3.32E-08,1.60E-19,6.63E-34,9.11E-31,8.41E-16,10973241.1,8.85E-12,299779058.9,0.007297679
3.20E-08,1.60E-19,6.63E-34,9.11E-31,8.41E-16,10973241.1,8.85E-12,299779058.9,0.007297679
3.08E-08,1.60E-19,6.63E-34,9.11E-31,8.41E-16,10973241.1,8.85E-12,299779058.8,0.007297679
2.96E-08,1.60E-19,6.63E-34,9.11E-31,8.41E-16,10973241.1,8.85E-12,299779058.8,0.007297679
2.84E-08,1.60E-19,6.63E-34,9.11E-31,8.41E-16,10973241.1,8.85E-12,299779058.8,0.007297679
2.72E-08,1.60E-19,6.63E-34,9.11E-31,8.41E-16,10973241.1,8.85E-12,299779058.7,0.007297679
2.60E-08,1.60E-19,6.63E-34,9.11E-31,8.41E-16,10973241.1,8.85E-12,299779058.7,0.007297679
2.48E-08,1.60E-19,6.63E-34,9.11E-31,8.41E-16,10973241.09,8.85E-12,299779058.7,0.007297679
2.36E-08,1.60E-19,6.63E-34,9.11E-31,8.41E-16,10973241.09,8.85E-12,299779058.7,0.007297679
2.24E-08,1.60E-19,6.63E-34,9.11E-31,8.41E-16,10973241.09,8.85E-12,299779058.6,0.007297679
2.12E-08,1.60E-19,6.63E-34,9.11E-31,8.41E-16,10973241.09,8.85E-12,299779058.6,0.007297679
2.00E-08,1.60E-19,6.63E-34,9.11E-31,8.41E-16,10973241.09,8.85E-12,299779058.6,0.007297679
1.88E-08,1.60E-19,6.63E-34,9.11E-31,8.41E-16,10973241.09,8.85E-12,299779058.5,0.007297679
1.76E-08,1.60E-19,6.63E-34,9.11E-31,8.41E-16,10973241.09,8.85E-12,299779058.5,0.007297679
1.64E-08,1.60E-19,6.63E-34,9.11E-31,8.41E-16,10973241.09,8.85E-12,299779058.5,0.007297679
1.52E-08,1.60E-19,6.63E-34,9.11E-31,8.41E-16,10973241.09,8.85E-12,299779058.4,0.007297679
1.39E-08,1.60E-19,6.63E-34,9.11E-31,8.41E-16,10973241.08,8.85E-12,299779058.4,0.007297679
1.38E-08,1.60E-19,6.63E-34,9.11E-31,8.41E-16,10973241.08,8.85E-12,299779058.4,0.007297679
1.36E-08,1.60E-19,6.63E-34,9.11E-31,8.41E-16,10973241.08,8.85E-12,299779058.4,0.007297679
1.35E-08,1.60E-19,6.63E-34,9.11E-31,8.41E-16,10973241.08,8.85E-12,299779058.4,0.007297679
1.34E-08,1.60E-19,6.63E-34,9.11E-31,8.41E-16,10973241.08,8.85E-12,299779058.4,0.007297679
1.33E-08,1.60E-19,6.63E-34,9.11E-31,8.41E-16,10973241.08,8.85E-12,299779058.4,0.007297679
1.32E-08,1.60E-19,6.63E-34,9.11E-31,8.41E-16,10973241.08,8.85E-12,299779058.4,0.007297679
1.30E-08,1.60E-19,6.63E-34,9.11E-31,8.41E-16,10973241.08,8.85E-12,299779058.4,0.007297679
1.29E-08,1.60E-19,6.63E-34,9.11E-31,8.41E-16,10973241.08,8.85E-12,299779058.4,0.007297679
1.28E-08,1.60E-19,6.63E-34,9.11E-31,8.41E-16,10973241.08,8.85E-12,299779058.4,0.007297679
1.27E-08,1.60E-19,6.63E-34,9.11E-31,8.41E-16,10973241.08,8.85E-12,299779058.4,0.007297679
1.26E-08,1.60E-19,6.63E-34,9.11E-31,8.41E-16,10973241.08,8.85E-12,299779058.4,0.007297679
1.24E-08,1.60E-19,6.63E-34,9.11E-31,8.41E-16,10973241.08,8.85E-12,299779058.4,0.007297679
1.23E-08,1.60E-19,6.63E-34,9.11E-31,8.41E-16,10973241.08,8.85E-12,299779058.4,0.007297679
1.22E-08,1.60E-19,6.63E-34,9.11E-31,8.41E-16,10973241.08,8.85E-12,299779058.4,0.007297679
1.21E-08,1.60E-19,6.63E-34,9.11E-31,8.41E-16,10973241.08,8.85E-12,299779058.4,0.007297679
1.20E-08,1.60E-19,6.63E-34,9.11E-31,8.41E-16,10973241.08,8.85E-12,299779058.4,0.007297679
1.18E-08,1.60E-19,6.63E-34,9.11E-31,8.41E-16,10973241.08,8.85E-12,299779058.4,0.007297679
1.17E-08,1.60E-19,6.63E-34,9.11E-31,8.41E-16,10973241.08,8.85E-12,299779058.4,0.007297679
1.16E-08,1.60E-19,6.63E-34,9.11E-31,8.41E-16,10973241.08,8.85E-12,299779058.4,0.007297679
1.15E-08,1.60E-19,6.63E-34,9.11E-31,8.41E-16,10973241.08,8.85E-12,299779058.4,0.007297679
1.14E-08,1.60E-19,6.63E-34,9.11E-31,8.41E-16,10973241.08,8.85E-12,299779058.3,0.007297679
1.12E-08,1.60E-19,6.63E-34,9.11E-31,8.41E-16,10973241.08,8.85E-12,299779058.3,0.007297679
1.11E-08,1.60E-19,6.63E-34,9.11E-31,8.41E-16,10973241.08,8.85E-12,299779058.3,0.007297679
1.10E-08,1.60E-19,6.63E-34,9.11E-31,8.41E-16,10973241.08,8.85E-12,299779058.3,0.007297679
1.09E-08,1.60E-19,6.63E-34,9.11E-31,8.41E-16,10973241.08,8.85E-12,299779058.3,0.007297679
1.08E-08,1.60E-19,6.63E-34,9.11E-31,8.41E-16,10973241.08,8.85E-12,299779058.3,0.007297679
1.06E-08,1.60E-19,6.63E-34,9.11E-31,8.41E-16,10973241.08,8.85E-12,299779058.3,0.007297679
1.05E-08,1.60E-19,6.63E-34,9.11E-31,8.41E-16,10973241.08,8.85E-12,299779058.3,0.007297679
1.04E-08,1.60E-19,6.63E-34,9.11E-31,8.41E-16,10973241.08,8.85E-12,299779058.3,0.007297679
1.03E-08,1.60E-19,6.63E-34,9.11E-31,8.41E-16,10973241.08,8.85E-12,299779058.3,0.007297679
1.02E-08,1.60E-19,6.63E-34,9.11E-31,8.41E-16,10973241.08,8.85E-12,299779058.3,0.007297679
1.00E-08,1.60E-19,6.63E-34,9.11E-31,8.41E-16,10973241.08,8.85E-12,299779058.3,0.007297679
9.92E-09,1.60E-19,6.63E-34,9.11E-31,8.41E-16,10973241.08,8.85E-12,299779058.3,0.007297679
9.80E-09,1.60E-19,6.63E-34,9.11E-31,8.41E-16,10973241.08,8.85E-12,299779058.3,0.007297679
9.68E-09,1.60E-19,6.63E-34,9.11E-31,8.41E-16,10973241.08,8.85E-12,299779058.3,0.007297679
9.56E-09,1.60E-19,6.63E-34,9.11E-31,8.41E-16,10973241.08,8.85E-12,299779058.3,0.007297679
9.44E-09,1.60E-19,6.63E-34,9.11E-31,8.41E-16,10973241.08,8.85E-12,299779058.3,0.007297679
9.32E-09,1.60E-19,6.63E-34,9.11E-31,8.41E-16,10973241.08,8.85E-12,299779058.3,0.007297679
9.20E-09,1.60E-19,6.63E-34,9.11E-31,8.41E-16,10973241.08,8.85E-12,299779058.3,0.007297679
9.08E-09,1.60E-19,6.63E-34,9.11E-31,8.41E-16,10973241.08,8.85E-12,299779058.3,0.007297679
8.96E-09,1.60E-19,6.63E-34,9.11E-31,8.41E-16,10973241.08,8.85E-12,299779058.3,0.007297679
8.84E-09,1.60E-19,6.63E-34,9.11E-31,8.41E-16,10973241.08,8.85E-12,299779058.3,0.007297679
8.72E-09,1.60E-19,6.63E-34,9.11E-31,8.41E-16,10973241.08,8.85E-12,299779058.3,0.007297679
8.60E-09,1.60E-19,6.63E-34,9.11E-31,8.41E-16,10973241.08,8.85E-12,299779058.3,0.007297679
8.48E-09,1.60E-19,6.63E-34,9.11E-31,8.41E-16,10973241.08,8.85E-12,299779058.3,0.007297679
8.36E-09,1.60E-19,6.63E-34,9.11E-31,8.41E-16,10973241.08,8.85E-12,299779058.3,0.007297679
8.24E-09,1.60E-19,6.63E-34,9.11E-31,8.41E-16,10973241.08,8.85E-12,299779058.3,0.007297679
8.12E-09,1.60E-19,6.63E-34,9.11E-31,8.41E-16,10973241.08,8.85E-12,299779058.3,0.007297679
8.00E-09,1.60E-19,6.63E-34,9.11E-31,8.41E-16,10973241.08,8.85E-12,299779058.3,0.007297679
7.88E-09,1.60E-19,6.63E-34,9.11E-31,8.41E-16,10973241.08,8.85E-12,299779058.3,0.007297679
7.76E-09,1.60E-19,6.63E-34,9.11E-31,8.41E-16,10973241.08,8.85E-12,299779058.3,0.007297679
7.64E-09,1.60E-19,6.63E-34,9.11E-31,8.41E-16,10973241.08,8.85E-12,299779058.3,0.007297679
7.52E-09,1.60E-19,6.63E-34,9.11E-31,8.41E-16,10973241.08,8.85E-12,299779058.3,0.007297679
7.40E-09,1.60E-19,6.63E-34,9.11E-31,8.41E-16,10973241.08,8.85E-12,299779058.3,0.007297679
7.28E-09,1.60E-19,6.63E-34,9.11E-31,8.41E-16,10973241.08,8.85E-12,299779058.2,0.007297679
7.16E-09,1.60E-19,6.63E-34,9.11E-31,8.41E-16,10973241.08,8.85E-12,299779058.2,0.007297679
7.04E-09,1.60E-19,6.63E-34,9.11E-31,8.41E-16,10973241.08,8.85E-12,299779058.2,0.007297679
6.92E-09,1.60E-19,6.63E-34,9.11E-31,8.41E-16,10973241.08,8.85E-12,299779058.2,0.007297679
6.80E-09,1.60E-19,6.63E-34,9.11E-31,8.41E-16,10973241.08,8.85E-12,299779058.2,0.007297679
6.68E-09,1.60E-19,6.63E-34,9.11E-31,8.41E-16,10973241.08,8.85E-12,299779058.2,0.007297679
6.56E-09,1.60E-19,6.63E-34,9.11E-31,8.41E-16,10973241.08,8.85E-12,299779058.2,0.007297679
6.44E-09,1.60E-19,6.63E-34,9.11E-31,8.41E-16,10973241.08,8.85E-12,299779058.2,0.007297679
6.32E-09,1.60E-19,6.63E-34,9.11E-31,8.41E-16,10973241.08,8.85E-12,299779058.2,0.007297679
6.20E-09,1.60E-19,6.63E-34,9.11E-31,8.41E-16,10973241.08,8.85E-12,299779058.2,0.007297679
6.08E-09,1.60E-19,6.63E-34,9.11E-31,8.41E-16,10973241.08,8.85E-12,299779058.2,0.007297679
5.96E-09,1.60E-19,6.63E-34,9.11E-31,8.41E-16,10973241.08,8.85E-12,299779058.2,0.007297679
5.84E-09,1.60E-19,6.63E-34,9.11E-31,8.41E-16,10973241.08,8.85E-12,299779058.2,0.007297679
5.72E-09,1.60E-19,6.63E-34,9.11E-31,8.41E-16,10973241.08,8.85E-12,299779058.2,0.007297679
5.60E-09,1.60E-19,6.63E-34,9.11E-31,8.41E-16,10973241.08,8.85E-12,299779058.2,0.007297679
5.48E-09,1.60E-19,6.63E-34,9.11E-31,8.41E-16,10973241.08,8.85E-12,299779058.2,0.007297679
5.36E-09,1.60E-19,6.63E-34,9.11E-31,8.41E-16,10973241.08,8.85E-12,299779058.2,0.007297679
5.24E-09,1.60E-19,6.63E-34,9.11E-31,8.41E-16,10973241.08,8.85E-12,299779058.2,0.007297679
5.12E-09,1.60E-19,6.63E-34,9.11E-31,8.41E-16,10973241.08,8.85E-12,299779058.2,0.007297679
5.00E-09,1.60E-19,6.63E-34,9.11E-31,8.41E-16,10973241.08,8.85E-12,299779058.2,0.007297679
4.88E-09,1.60E-19,6.63E-34,9.11E-31,8.41E-16,10973241.08,8.85E-12,299779058.2,0.007297679
4.76E-09,1.60E-19,6.63E-34,9.11E-31,8.41E-16,10973241.08,8.85E-12,299779058.2,0.007297679
4.64E-09,1.60E-19,6.63E-34,9.11E-31,8.41E-16,10973241.08,8.85E-12,299779058.2,0.007297679
4.52E-09,1.60E-19,6.63E-34,9.11E-31,8.41E-16,10973241.08,8.85E-12,299779058.2,0.007297679
4.40E-09,1.60E-19,6.63E-34,9.11E-31,8.41E-16,10973241.08,8.85E-12,299779058.2,0.007297679
4.28E-09,1.60E-19,6.63E-34,9.11E-31,8.41E-16,10973241.08,8.85E-12,299779058.2,0.007297679
4.16E-09,1.60E-19,6.63E-34,9.11E-31,8.41E-16,10973241.08,8.85E-12,299779058.2,0.007297679
4.04E-09,1.60E-19,6.63E-34,9.11E-31,8.41E-16,10973241.08,8.85E-12,299779058.2,0.007297679
3.92E-09,1.60E-19,6.63E-34,9.11E-31,8.41E-16,10973241.08,8.85E-12,299779058.2,0.007297679
3.80E-09,1.60E-19,6.63E-34,9.11E-31,8.41E-16,10973241.08,8.85E-12,299779058.2,0.007297679
3.68E-09,1.60E-19,6.63E-34,9.11E-31,8.41E-16,10973241.07,8.85E-12,299779058.2,0.007297679
3.56E-09,1.60E-19,6.63E-34,9.11E-31,8.41E-16,10973241.07,8.85E-12,299779058.2,0.007297679
3.44E-09,1.60E-19,6.63E-34,9.11E-31,8.41E-16,10973241.07,8.85E-12,299779058.2,0.007297679
3.32E-09,1.60E-19,6.63E-34,9.11E-31,8.41E-16,10973241.07,8.85E-12,299779058.1,0.007297679
3.20E-09,1.60E-19,6.63E-34,9.11E-31,8.41E-16,10973241.07,8.85E-12,299779058.1,0.007297679
3.08E-09,1.60E-19,6.63E-34,9.11E-31,8.41E-16,10973241.07,8.85E-12,299779058.1,0.007297679
2.96E-09,1.60E-19,6.63E-34,9.11E-31,8.41E-16,10973241.07,8.85E-12,299779058.1,0.007297679
2.84E-09,1.60E-19,6.63E-34,9.11E-31,8.41E-16,10973241.07,8.85E-12,299779058.1,0.007297679
2.72E-09,1.60E-19,6.63E-34,9.11E-31,8.41E-16,10973241.07,8.85E-12,299779058.1,0.007297679
2.60E-09,1.60E-19,6.63E-34,9.11E-31,8.41E-16,10973241.07,8.85E-12,299779058.1,0.007297679
2.48E-09,1.60E-19,6.63E-34,9.11E-31,8.41E-16,10973241.07,8.85E-12,299779058.1,0.007297679
2.36E-09,1.60E-19,6.63E-34,9.11E-31,8.41E-16,10973241.07,8.85E-12,299779058.1,0.007297679
2.24E-09,1.60E-19,6.63E-34,9.11E-31,8.41E-16,10973241.07,8.85E-12,299779058.1,0.007297679
2.12E-09,1.60E-19,6.63E-34,9.11E-31,8.41E-16,10973241.07,8.85E-12,299779058.1,0.007297679
2.00E-09,1.60E-19,6.63E-34,9.11E-31,8.41E-16,10973241.07,8.85E-12,299779058.1,0.007297679
1.87E-09,1.60E-19,6.63E-34,9.11E-31,8.41E-16,10973241.07,8.85E-12,299779058.1,0.007297679
1.75E-09,1.60E-19,6.63E-34,9.11E-31,8.41E-16,10973241.07,8.85E-12,299779058.1,0.007297679
1.63E-09,1.60E-19,6.63E-34,9.11E-31,8.41E-16,10973241.07,8.85E-12,299779058.1,0.007297679
1.51E-09,1.60E-19,6.63E-34,9.11E-31,8.41E-16,10973241.07,8.85E-12,299779058.1,0.007297679
1.38E-09,1.60E-19,6.63E-34,9.11E-31,8.41E-16,10973241.07,8.85E-12,299779058.1,0.007297679
1.37E-09,1.60E-19,6.63E-34,9.11E-31,8.41E-16,10973241.07,8.85E-12,299779058.1,0.007297679
1.36E-09,1.60E-19,6.63E-34,9.11E-31,8.41E-16,10973241.07,8.85E-12,299779058.1,0.007297679
1.35E-09,1.60E-19,6.63E-34,9.11E-31,8.41E-16,10973241.07,8.85E-12,299779058.1,0.007297679
1.33E-09,1.60E-19,6.63E-34,9.11E-31,8.41E-16,10973241.07,8.85E-12,299779058.1,0.007297679
1.32E-09,1.60E-19,6.63E-34,9.11E-31,8.41E-16,10973241.07,8.85E-12,299779058.1,0.007297679
1.31E-09,1.60E-19,6.63E-34,9.11E-31,8.41E-16,10973241.07,8.85E-12,299779058.1,0.007297679
1.30E-09,1.60E-19,6.63E-34,9.11E-31,8.41E-16,10973241.07,8.85E-12,299779058.1,0.007297679
1.29E-09,1.60E-19,6.63E-34,9.11E-31,8.41E-16,10973241.07,8.85E-12,299779058.1,0.007297679
1.27E-09,1.60E-19,6.63E-34,9.11E-31,8.41E-16,10973241.07,8.85E-12,299779058.1,0.007297679
1.26E-09,1.60E-19,6.63E-34,9.11E-31,8.41E-16,10973241.07,8.85E-12,299779058.1,0.007297679
1.25E-09,1.60E-19,6.63E-34,9.11E-31,8.41E-16,10973241.07,8.85E-12,299779058.1,0.007297679
1.24E-09,1.60E-19,6.63E-34,9.11E-31,8.41E-16,10973241.07,8.85E-12,299779058.1,0.007297679
1.23E-09,1.60E-19,6.63E-34,9.11E-31,8.41E-16,10973241.07,8.85E-12,299779058.1,0.007297679
1.21E-09,1.60E-19,6.63E-34,9.11E-31,8.41E-16,10973241.07,8.85E-12,299779058.1,0.007297679
1.20E-09,1.60E-19,6.63E-34,9.11E-31,8.41E-16,10973241.07,8.85E-12,299779058.1,0.007297679
1.19E-09,1.60E-19,6.63E-34,9.11E-31,8.41E-16,10973241.07,8.85E-12,299779058.1,0.007297679
1.18E-09,1.60E-19,6.63E-34,9.11E-31,8.41E-16,10973241.07,8.85E-12,299779058.1,0.007297679
1.17E-09,1.60E-19,6.63E-34,9.11E-31,8.41E-16,10973241.07,8.85E-12,299779058.1,0.007297679
1.15E-09,1.60E-19,6.63E-34,9.11E-31,8.41E-16,10973241.07,8.85E-12,299779058.1,0.007297679
1.14E-09,1.60E-19,6.63E-34,9.11E-31,8.41E-16,10973241.07,8.85E-12,299779058.1,0.007297679
1.13E-09,1.60E-19,6.63E-34,9.11E-31,8.41E-16,10973241.07,8.85E-12,299779058.1,0.007297679
1.12E-09,1.60E-19,6.63E-34,9.11E-31,8.41E-16,10973241.07,8.85E-12,299779058.1,0.007297679
1.11E-09,1.60E-19,6.63E-34,9.11E-31,8.41E-16,10973241.07,8.85E-12,299779058.1,0.007297679
1.09E-09,1.60E-19,6.63E-34,9.11E-31,8.41E-16,10973241.07,8.85E-12,299779058.1,0.007297679
1.08E-09,1.60E-19,6.63E-34,9.11E-31,8.41E-16,10973241.07,8.85E-12,299779058.1,0.007297679
1.07E-09,1.60E-19,6.63E-34,9.11E-31,8.41E-16,10973241.07,8.85E-12,299779058.1,0.007297679
1.06E-09,1.60E-19,6.63E-34,9.11E-31,8.41E-16,10973241.07,8.85E-12,299779058.1,0.007297679
1.05E-09,1.60E-19,6.63E-34,9.11E-31,8.41E-16,10973241.07,8.85E-12,299779058.1,0.007297679
1.03E-09,1.60E-19,6.63E-34,9.11E-31,8.41E-16,10973241.07,8.85E-12,299779058.1,0.007297679
1.02E-09,1.60E-19,6.63E-34,9.11E-31,8.41E-16,10973241.07,8.85E-12,299779058.1,0.007297679
1.01E-09,1.60E-19,6.63E-34,9.11E-31,8.41E-16,10973241.07,8.85E-12,299779058.1,0.007297679
9.98E-10,1.60E-19,6.63E-34,9.11E-31,8.41E-16,10973241.07,8.85E-12,299779058.1,0.007297679
9.86E-10,1.60E-19,6.63E-34,9.11E-31,8.41E-16,10973241.07,8.85E-12,299779058.1,0.007297679
9.74E-10,1.60E-19,6.63E-34,9.11E-31,8.41E-16,10973241.07,8.85E-12,299779058.1,0.007297679
9.62E-10,1.60E-19,6.63E-34,9.11E-31,8.41E-16,10973241.07,8.85E-12,299779058.1,0.007297679
9.50E-10,1.60E-19,6.63E-34,9.11E-31,8.41E-16,10973241.07,8.85E-12,299779058.1,0.007297679
9.38E-10,1.60E-19,6.63E-34,9.11E-31,8.41E-16,10973241.07,8.85E-12,299779058.1,0.007297679
9.26E-10,1.60E-19,6.63E-34,9.11E-31,8.41E-16,10973241.07,8.85E-12,299779058.1,0.007297679
9.14E-10,1.60E-19,6.63E-34,9.11E-31,8.41E-16,10973241.07,8.85E-12,299779058.1,0.007297679
9.02E-10,1.60E-19,6.63E-34,9.11E-31,8.41E-16,10973241.07,8.85E-12,299779058.1,0.007297679
8.90E-10,1.60E-19,6.63E-34,9.11E-31,8.41E-16,10973241.07,8.85E-12,299779058.1,0.007297679
8.78E-10,1.60E-19,6.63E-34,9.11E-31,8.41E-16,10973241.07,8.85E-12,299779058.1,0.007297679
8.66E-10,1.60E-19,6.63E-34,9.11E-31,8.41E-16,10973241.07,8.85E-12,299779058.1,0.007297679
8.54E-10,1.60E-19,6.63E-34,9.11E-31,8.41E-16,10973241.07,8.85E-12,299779058.1,0.007297679
8.42E-10,1.60E-19,6.63E-34,9.11E-31,8.41E-16,10973241.07,8.85E-12,299779058.1,0.007297679
8.30E-10,1.60E-19,6.63E-34,9.11E-31,8.41E-16,10973241.07,8.85E-12,299779058.1,0.007297679
8.18E-10,1.60E-19,6.63E-34,9.11E-31,8.41E-16,10973241.07,8.85E-12,299779058.1,0.007297679
8.06E-10,1.60E-19,6.63E-34,9.11E-31,8.41E-16,10973241.07,8.85E-12,299779058.1,0.007297679
7.94E-10,1.60E-19,6.63E-34,9.11E-31,8.41E-16,10973241.07,8.85E-12,299779058.1,0.007297679
7.82E-10,1.60E-19,6.63E-34,9.11E-31,8.41E-16,10973241.07,8.85E-12,299779058.1,0.007297679
7.70E-10,1.60E-19,6.63E-34,9.11E-31,8.41E-16,10973241.07,8.85E-12,299779058.1,0.007297679
7.58E-10,1.60E-19,6.63E-34,9.11E-31,8.41E-16,10973241.07,8.85E-12,299779058.1,0.007297679
7.46E-10,1.60E-19,6.63E-34,9.11E-31,8.41E-16,10973241.07,8.85E-12,299779058.1,0.007297679
7.34E-10,1.60E-19,6.63E-34,9.11E-31,8.41E-16,10973241.07,8.85E-12,299779058.1,0.007297679
7.22E-10,1.60E-19,6.63E-34,9.11E-31,8.41E-16,10973241.07,8.85E-12,299779058.1,0.007297679
7.10E-10,1.60E-19,6.63E-34,9.11E-31,8.41E-16,10973241.07,8.85E-12,299779058.1,0.007297679
6.98E-10,1.60E-19,6.63E-34,9.11E-31,8.41E-16,10973241.07,8.85E-12,299779058.1,0.007297679
6.86E-10,1.60E-19,6.63E-34,9.11E-31,8.41E-16,10973241.07,8.85E-12,299779058.1,0.007297679
6.74E-10,1.60E-19,6.63E-34,9.11E-31,8.41E-16,10973241.07,8.85E-12,299779058.1,0.007297679
6.62E-10,1.60E-19,6.63E-34,9.11E-31,8.41E-16,10973241.07,8.85E-12,299779058.1,0.007297679
6.50E-10,1.60E-19,6.63E-34,9.11E-31,8.41E-16,10973241.07,8.85E-12,299779058.1,0.007297679
6.38E-10,1.60E-19,6.63E-34,9.11E-31,8.41E-16,10973241.07,8.85E-12,299779058.1,0.007297679
6.26E-10,1.60E-19,6.63E-34,9.11E-31,8.41E-16,10973241.07,8.85E-12,299779058.1,0.007297679
6.14E-10,1.60E-19,6.63E-34,9.11E-31,8.41E-16,10973241.07,8.85E-12,299779058.1,0.007297679
6.02E-10,1.60E-19,6.63E-34,9.11E-31,8.41E-16,10973241.07,8.85E-12,299779058.1,0.007297679
5.90E-10,1.60E-19,6.63E-34,9.11E-31,8.41E-16,10973241.07,8.85E-12,299779058.1,0.007297679
5.78E-10,1.60E-19,6.63E-34,9.11E-31,8.41E-16,10973241.07,8.85E-12,299779058.1,0.007297679
5.66E-10,1.60E-19,6.63E-34,9.11E-31,8.41E-16,10973241.07,8.85E-12,299779058.1,0.007297679
5.54E-10,1.60E-19,6.63E-34,9.11E-31,8.41E-16,10973241.07,8.85E-12,299779058.1,0.007297679
5.42E-10,1.60E-19,6.63E-34,9.11E-31,8.41E-16,10973241.07,8.85E-12,299779058.1,0.007297679
5.30E-10,1.60E-19,6.63E-34,9.11E-31,8.41E-16,10973241.07,8.85E-12,299779058.1,0.007297679
5.18E-10,1.60E-19,6.63E-34,9.11E-31,8.41E-16,10973241.07,8.85E-12,299779058.1,0.007297679
5.06E-10,1.60E-19,6.63E-34,9.11E-31,8.41E-16,10973241.07,8.85E-12,299779058.1,0.007297679
4.94E-10,1.60E-19,6.63E-34,9.11E-31,8.41E-16,10973241.07,8.85E-12,299779058.1,0.007297679
4.82E-10,1.60E-19,6.63E-34,9.11E-31,8.41E-16,10973241.07,8.85E-12,299779058.1,0.007297679
4.70E-10,1.60E-19,6.63E-34,9.11E-31,8.41E-16,10973241.07,8.85E-12,299779058.1,0.007297679
4.58E-10,1.60E-19,6.63E-34,9.11E-31,8.41E-16,10973241.07,8.85E-12,299779058.1,0.007297679
4.46E-10,1.60E-19,6.63E-34,9.11E-31,8.41E-16,10973241.07,8.85E-12,299779058.1,0.007297679
4.34E-10,1.60E-19,6.63E-34,9.11E-31,8.41E-16,10973241.07,8.85E-12,299779058.1,0.007297679
4.22E-10,1.60E-19,6.63E-34,9.11E-31,8.41E-16,10973241.07,8.85E-12,299779058.1,0.007297679
4.10E-10,1.60E-19,6.63E-34,9.11E-31,8.41E-16,10973241.07,8.85E-12,299779058.1,0.007297679
3.98E-10,1.60E-19,6.63E-34,9.11E-31,8.41E-16,10973241.07,8.85E-12,299779058.1,0.007297679
3.86E-10,1.60E-19,6.63E-34,9.11E-31,8.41E-16,10973241.07,8.85E-12,299779058.1,0.007297679
3.74E-10,1.60E-19,6.63E-34,9.11E-31,8.41E-16,10973241.07,8.85E-12,299779058.1,0.007297679
3.62E-10,1.60E-19,6.63E-34,9.11E-31,8.41E-16,10973241.07,8.85E-12,299779058.1,0.007297679
3.50E-10,1.60E-19,6.63E-34,9.11E-31,8.41E-16,10973241.07,8.85E-12,299779058.1,0.007297679
3.38E-10,1.60E-19,6.63E-34,9.11E-31,8.41E-16,10973241.07,8.85E-12,299779058.1,0.007297679
3.26E-10,1.60E-19,6.63E-34,9.11E-31,8.41E-16,10973241.07,8.85E-12,299779058.1,0.007297679
3.14E-10,1.60E-19,6.63E-34,9.11E-31,8.41E-16,10973241.07,8.85E-12,299779058.1,0.007297679
3.02E-10,1.60E-19,6.63E-34,9.11E-31,8.41E-16,10973241.07,8.85E-12,299779058.1,0.007297679
2.90E-10,1.60E-19,6.63E-34,9.11E-31,8.41E-16,10973241.07,8.85E-12,299779058.1,0.007297679
2.78E-10,1.60E-19,6.63E-34,9.11E-31,8.41E-16,10973241.07,8.85E-12,299779058.1,0.007297679
2.66E-10,1.60E-19,6.63E-34,9.11E-31,8.41E-16,10973241.07,8.85E-12,299779058.1,0.007297679
2.54E-10,1.60E-19,6.63E-34,9.11E-31,8.41E-16,10973241.07,8.85E-12,299779058.1,0.007297679
2.42E-10,1.60E-19,6.63E-34,9.11E-31,8.41E-16,10973241.07,8.85E-12,299779058.1,0.007297679
2.30E-10,1.60E-19,6.63E-34,9.11E-31,8.41E-16,10973241.07,8.85E-12,299779058.1,0.007297679
2.18E-10,1.60E-19,6.63E-34,9.11E-31,8.41E-16,10973241.07,8.85E-12,299779058.1,0.007297679
2.06E-10,1.60E-19,6.63E-34,9.11E-31,8.41E-16,10973241.07,8.85E-12,299779058.1,0.007297679
1.94E-10,1.60E-19,6.63E-34,9.11E-31,8.41E-16,10973241.07,8.85E-12,299779058.1,0.007297679
1.82E-10,1.60E-19,6.63E-34,9.11E-31,8.41E-16,10973241.07,8.85E-12,299779058.1,0.007297679
1.70E-10,1.60E-19,6.63E-34,9.11E-31,8.41E-16,10973241.07,8.85E-12,299779058.1,0.007297679
1.58E-10,1.60E-19,6.63E-34,9.11E-31,8.41E-16,10973241.07,8.85E-12,299779058.1,0.007297679
1.45E-10,1.60E-19,6.63E-34,9.11E-31,8.41E-16,10973241.07,8.85E-12,299779058.1,0.007297679
1.43E-10,1.60E-19,6.63E-34,9.11E-31,8.41E-16,10973241.07,8.85E-12,299779058.1,0.007297679
1.42E-10,1.60E-19,6.63E-34,9.11E-31,8.41E-16,10973241.07,8.85E-12,299779058.1,0.007297679
1.41E-10,1.60E-19,6.63E-34,9.11E-31,8.41E-16,10973241.07,8.85E-12,299779058.1,0.007297679
1.40E-10,1.60E-19,6.63E-34,9.11E-31,8.41E-16,10973241.07,8.85E-12,299779058.1,0.007297679
1.39E-10,1.60E-19,6.63E-34,9.11E-31,8.41E-16,10973241.07,8.85E-12,299779058.1,0.007297679
1.37E-10,1.60E-19,6.63E-34,9.11E-31,8.41E-16,10973241.07,8.85E-12,299779058.1,0.007297679
1.36E-10,1.60E-19,6.63E-34,9.11E-31,8.41E-16,10973241.07,8.85E-12,299779058.1,0.007297679
1.35E-10,1.60E-19,6.63E-34,9.11E-31,8.41E-16,10973241.07,8.85E-12,299779058.1,0.007297679
1.34E-10,1.60E-19,6.63E-34,9.11E-31,8.41E-16,10973241.07,8.85E-12,299779058.1,0.007297679
1.33E-10,1.60E-19,6.63E-34,9.11E-31,8.41E-16,10973241.07,8.85E-12,299779058.1,0.007297679
1.31E-10,1.60E-19,6.63E-34,9.11E-31,8.41E-16,10973241.07,8.85E-12,299779058.1,0.007297679
1.30E-10,1.60E-19,6.63E-34,9.11E-31,8.41E-16,10973241.07,8.85E-12,299779058.1,0.007297679
1.29E-10,1.60E-19,6.63E-34,9.11E-31,8.41E-16,10973241.07,8.85E-12,299779058.1,0.007297679
1.28E-10,1.60E-19,6.63E-34,9.11E-31,8.41E-16,10973241.07,8.85E-12,299779058.1,0.007297679
1.27E-10,1.60E-19,6.63E-34,9.11E-31,8.41E-16,10973241.07,8.85E-12,299779058.1,0.007297679
1.25E-10,1.60E-19,6.63E-34,9.11E-31,8.41E-16,10973241.07,8.85E-12,299779058.1,0.007297679
1.24E-10,1.60E-19,6.63E-34,9.11E-31,8.41E-16,10973241.07,8.85E-12,299779058.1,0.007297679
1.23E-10,1.60E-19,6.63E-34,9.11E-31,8.41E-16,10973241.07,8.85E-12,299779058.1,0.007297679
1.22E-10,1.60E-19,6.63E-34,9.11E-31,8.41E-16,10973241.07,8.85E-12,299779058.1,0.007297679
1.21E-10,1.60E-19,6.63E-34,9.11E-31,8.41E-16,10973241.07,8.85E-12,299779058.1,0.007297679
1.19E-10,1.60E-19,6.63E-34,9.11E-31,8.41E-16,10973241.07,8.85E-12,299779058.1,0.007297679
1.18E-10,1.60E-19,6.63E-34,9.11E-31,8.41E-16,10973241.07,8.85E-12,299779058.1,0.007297679
1.17E-10,1.60E-19,6.63E-34,9.11E-31,8.41E-16,10973241.07,8.85E-12,299779058.1,0.007297679
1.16E-10,1.60E-19,6.63E-34,9.11E-31,8.41E-16,10973241.07,8.85E-12,299779058.1,0.007297679
1.15E-10,1.60E-19,6.63E-34,9.11E-31,8.41E-16,10973241.07,8.85E-12,299779058.1,0.007297679
1.13E-10,1.60E-19,6.63E-34,9.11E-31,8.41E-16,10973241.07,8.85E-12,299779058.1,0.007297679
1.12E-10,1.60E-19,6.63E-34,9.11E-31,8.41E-16,10973241.07,8.85E-12,299779058.1,0.007297679
1.11E-10,1.60E-19,6.63E-34,9.11E-31,8.41E-16,10973241.07,8.85E-12,299779058.1,0.007297679
1.10E-10,1.60E-19,6.63E-34,9.11E-31,8.41E-16,10973241.07,8.85E-12,299779058.1,0.007297679
1.09E-10,1.60E-19,6.63E-34,9.11E-31,8.41E-16,10973241.07,8.85E-12,299779058.1,0.007297679
1.07E-10,1.60E-19,6.63E-34,9.11E-31,8.41E-16,10973241.07,8.85E-12,299779058.1,0.007297679
1.06E-10,1.60E-19,6.63E-34,9.11E-31,8.41E-16,10973241.07,8.85E-12,299779058.1,0.007297679
1.05E-10,1.60E-19,6.63E-34,9.11E-31,8.41E-16,10973241.07,8.85E-12,299779058.1,0.007297679
1.04E-10,1.60E-19,6.63E-34,9.11E-31,8.41E-16,10973241.07,8.85E-12,299779058.1,0.007297679
1.03E-10,1.60E-19,6.63E-34,9.11E-31,8.41E-16,10973241.07,8.85E-12,299779058.1,0.007297679
1.01E-10,1.60E-19,6.63E-34,9.11E-31,8.41E-16,10973241.07,8.85E-12,299779058.1,0.007297679
1.00E-10,1.60E-19,6.63E-34,9.11E-31,8.41E-16,10973241.07,8.85E-12,299779058.1,0.007297679
9.89E-11,1.60E-19,6.63E-34,9.11E-31,8.41E-16,10973241.07,8.85E-12,299779058.1,0.007297679
9.77E-11,1.60E-19,6.63E-34,9.11E-31,8.41E-16,10973241.07,8.85E-12,299779058.1,0.007297679
9.65E-11,1.60E-19,6.63E-34,9.11E-31,8.41E-16,10973241.07,8.85E-12,299779058.1,0.007297679
9.53E-11,1.60E-19,6.63E-34,9.11E-31,8.41E-16,10973241.07,8.85E-12,299779058.1,0.007297679
9.41E-11,1.60E-19,6.63E-34,9.11E-31,8.41E-16,10973241.07,8.85E-12,299779058.1,0.007297679
9.29E-11,1.60E-19,6.63E-34,9.11E-31,8.41E-16,10973241.07,8.85E-12,299779058.1,0.007297679
9.17E-11,1.60E-19,6.63E-34,9.11E-31,8.41E-16,10973241.07,8.85E-12,299779058.1,0.007297679
9.05E-11,1.60E-19,6.63E-34,9.11E-31,8.41E-16,10973241.07,8.85E-12,299779058.1,0.007297679
8.93E-11,1.60E-19,6.63E-34,9.11E-31,8.41E-16,10973241.07,8.85E-12,299779058.1,0.007297679
8.81E-11,1.60E-19,6.63E-34,9.11E-31,8.41E-16,10973241.07,8.85E-12,299779058.1,0.007297679
8.69E-11,1.60E-19,6.63E-34,9.11E-31,8.41E-16,10973241.07,8.85E-12,299779058.1,0.007297679
8.57E-11,1.60E-19,6.63E-34,9.11E-31,8.41E-16,10973241.07,8.85E-12,299779058.1,0.007297679
8.45E-11,1.60E-19,6.63E-34,9.11E-31,8.41E-16,10973241.07,8.85E-12,299779058.1,0.007297679
8.33E-11,1.60E-19,6.63E-34,9.11E-31,8.41E-16,10973241.07,8.85E-12,299779058.1,0.007297679
8.21E-11,1.60E-19,6.63E-34,9.11E-31,8.41E-16,10973241.07,8.85E-12,299779058.1,0.007297679
8.09E-11,1.60E-19,6.63E-34,9.11E-31,8.41E-16,10973241.07,8.85E-12,299779058.1,0.007297679
7.97E-11,1.60E-19,6.63E-34,9.11E-31,8.41E-16,10973241.07,8.85E-12,299779058.1,0.007297679
7.85E-11,1.60E-19,6.63E-34,9.11E-31,8.41E-16,10973241.07,8.85E-12,299779058.1,0.007297679
7.73E-11,1.60E-19,6.63E-34,9.11E-31,8.41E-16,10973241.07,8.85E-12,299779058.1,0.007297679
7.61E-11,1.60E-19,6.63E-34,9.11E-31,8.41E-16,10973241.07,8.85E-12,299779058.1,0.007297679
7.49E-11,1.60E-19,6.63E-34,9.11E-31,8.41E-16,10973241.07,8.85E-12,299779058.1,0.007297679
7.37E-11,1.60E-19,6.63E-34,9.11E-31,8.41E-16,10973241.07,8.85E-12,299779058.1,0.007297679
7.25E-11,1.60E-19,6.63E-34,9.11E-31,8.41E-16,10973241.07,8.85E-12,299779058.1,0.007297679
7.13E-11,1.60E-19,6.63E-34,9.11E-31,8.41E-16,10973241.07,8.85E-12,299779058.1,0.007297679
7.01E-11,1.60E-19,6.63E-34,9.11E-31,8.41E-16,10973241.07,8.85E-12,299779058.1,0.007297679
6.89E-11,1.60E-19,6.63E-34,9.11E-31,8.41E-16,10973241.07,8.85E-12,299779058.1,0.007297679
6.77E-11,1.60E-19,6.63E-34,9.11E-31,8.41E-16,10973241.07,8.85E-12,299779058.1,0.007297679
6.65E-11,1.60E-19,6.63E-34,9.11E-31,8.41E-16,10973241.07,8.85E-12,299779058.1,0.007297679
6.53E-11,1.60E-19,6.63E-34,9.11E-31,8.41E-16,10973241.07,8.85E-12,299779058.1,0.007297679
6.41E-11,1.60E-19,6.63E-34,9.11E-31,8.41E-16,10973241.07,8.85E-12,299779058.1,0.007297679
6.29E-11,1.60E-19,6.63E-34,9.11E-31,8.41E-16,10973241.07,8.85E-12,299779058.1,0.007297679
6.17E-11,1.60E-19,6.63E-34,9.11E-31,8.41E-16,10973241.07,8.85E-12,299779058.1,0.007297679
6.05E-11,1.60E-19,6.63E-34,9.11E-31,8.41E-16,10973241.07,8.85E-12,299779058.1,0.007297679
5.93E-11,1.60E-19,6.63E-34,9.11E-31,8.41E-16,10973241.07,8.85E-12,299779058.1,0.007297679
5.81E-11,1.60E-19,6.63E-34,9.11E-31,8.41E-16,10973241.07,8.85E-12,299779058.1,0.007297679
5.69E-11,1.60E-19,6.63E-34,9.11E-31,8.41E-16,10973241.07,8.85E-12,299779058.1,0.007297679
5.57E-11,1.60E-19,6.63E-34,9.11E-31,8.41E-16,10973241.07,8.85E-12,299779058.1,0.007297679
5.45E-11,1.60E-19,6.63E-34,9.11E-31,8.41E-16,10973241.07,8.85E-12,299779058.1,0.007297679
5.33E-11,1.60E-19,6.63E-34,9.11E-31,8.41E-16,10973241.07,8.85E-12,299779058.1,0.007297679
5.21E-11,1.60E-19,6.63E-34,9.11E-31,8.41E-16,10973241.07,8.85E-12,299779058.1,0.007297679
5.08E-11,1.60E-19,6.63E-34,9.11E-31,8.41E-16,10973241.07,8.85E-12,299779058.1,0.007297679
4.96E-11,1.60E-19,6.63E-34,9.11E-31,8.41E-16,10973241.07,8.85E-12,299779058.1,0.007297679
4.84E-11,1.60E-19,6.63E-34,9.11E-31,8.41E-16,10973241.07,8.85E-12,299779058.1,0.007297679
4.72E-11,1.60E-19,6.63E-34,9.11E-31,8.41E-16,10973241.07,8.85E-12,299779058.1,0.007297679
4.60E-11,1.60E-19,6.63E-34,9.11E-31,8.41E-16,10973241.07,8.85E-12,299779058.1,0.007297679
4.48E-11,1.60E-19,6.63E-34,9.11E-31,8.41E-16,10973241.07,8.85E-12,299779058.1,0.007297679
4.36E-11,1.60E-19,6.63E-34,9.11E-31,8.41E-16,10973241.07,8.85E-12,299779058.1,0.007297679
4.24E-11,1.60E-19,6.63E-34,9.11E-31,8.41E-16,10973241.07,8.85E-12,299779058.1,0.007297679
4.12E-11,1.60E-19,6.63E-34,9.11E-31,8.41E-16,10973241.07,8.85E-12,299779058.1,0.007297679
4.00E-11,1.60E-19,6.63E-34,9.11E-31,8.41E-16,10973241.07,8.85E-12,299779058.1,0.007297679
3.88E-11,1.60E-19,6.63E-34,9.11E-31,8.41E-16,10973241.07,8.85E-12,299779058.1,0.007297679
3.76E-11,1.60E-19,6.63E-34,9.11E-31,8.41E-16,10973241.07,8.85E-12,299779058.1,0.007297679
3.64E-11,1.60E-19,6.63E-34,9.11E-31,8.41E-16,10973241.07,8.85E-12,299779058.1,0.007297679
3.52E-11,1.60E-19,6.63E-34,9.11E-31,8.41E-16,10973241.07,8.85E-12,299779058.1,0.007297679
3.40E-11,1.60E-19,6.63E-34,9.11E-31,8.41E-16,10973241.07,8.85E-12,299779058.1,0.007297679
3.28E-11,1.60E-19,6.63E-34,9.11E-31,8.41E-16,10973241.07,8.85E-12,299779058.1,0.007297679
3.16E-11,1.60E-19,6.63E-34,9.11E-31,8.41E-16,10973241.07,8.85E-12,299779058.1,0.007297679
3.04E-11,1.60E-19,6.63E-34,9.11E-31,8.41E-16,10973241.07,8.85E-12,299779058.1,0.007297679
2.92E-11,1.60E-19,6.63E-34,9.11E-31,8.41E-16,10973241.07,8.85E-12,299779058.1,0.007297679
2.80E-11,1.60E-19,6.63E-34,9.11E-31,8.41E-16,10973241.07,8.85E-12,299779058.1,0.007297679
2.68E-11,1.60E-19,6.63E-34,9.11E-31,8.41E-16,10973241.07,8.85E-12,299779058.1,0.007297679
2.56E-11,1.60E-19,6.63E-34,9.11E-31,8.41E-16,10973241.07,8.85E-12,299779058.1,0.007297679
2.44E-11,1.60E-19,6.63E-34,9.11E-31,8.41E-16,10973241.07,8.85E-12,299779058.1,0.007297679
2.32E-11,1.60E-19,6.63E-34,9.11E-31,8.41E-16,10973241.07,8.85E-12,299779058.1,0.007297679
2.20E-11,1.60E-19,6.63E-34,9.11E-31,8.41E-16,10973241.07,8.85E-12,299779058.1,0.007297679
2.08E-11,1.60E-19,6.63E-34,9.11E-31,8.41E-16,10973241.07,8.85E-12,299779058.1,0.007297679
1.96E-11,1.60E-19,6.63E-34,9.11E-31,8.41E-16,10973241.07,8.85E-12,299779058.1,0.007297679
1.84E-11,1.60E-19,6.63E-34,9.11E-31,8.41E-16,10973241.07,8.85E-12,299779058.1,0.007297679
1.72E-11,1.60E-19,6.63E-34,9.11E-31,8.41E-16,10973241.07,8.85E-12,299779058.1,0.007297679
1.60E-11,1.60E-19,6.63E-34,9.11E-31,8.41E-16,10973241.07,8.85E-12,299779058.1,0.007297679
1.47E-11,1.60E-19,6.63E-34,9.11E-31,8.41E-16,10973241.07,8.85E-12,299779058.1,0.007297679
1.46E-11,1.60E-19,6.63E-34,9.11E-31,8.41E-16,10973241.07,8.85E-12,299779058.1,0.007297679
1.45E-11,1.60E-19,6.63E-34,9.11E-31,8.41E-16,10973241.07,8.85E-12,299779058.1,0.007297679
1.43E-11,1.60E-19,6.63E-34,9.11E-31,8.41E-16,10973241.07,8.85E-12,299779058.1,0.007297679
1.42E-11,1.60E-19,6.63E-34,9.11E-31,8.41E-16,10973241.07,8.85E-12,299779058.1,0.007297679
1.41E-11,1.60E-19,6.63E-34,9.11E-31,8.41E-16,10973241.07,8.85E-12,299779058.1,0.007297679
1.40E-11,1.60E-19,6.63E-34,9.11E-31,8.41E-16,10973241.07,8.85E-12,299779058.1,0.007297679
1.39E-11,1.60E-19,6.63E-34,9.11E-31,8.41E-16,10973241.07,8.85E-12,299779058.1,0.007297679
1.37E-11,1.60E-19,6.63E-34,9.11E-31,8.41E-16,10973241.07,8.85E-12,299779058.1,0.007297679
1.36E-11,1.60E-19,6.63E-34,9.11E-31,8.41E-16,10973241.07,8.85E-12,299779058.1,0.007297679
1.35E-11,1.60E-19,6.63E-34,9.11E-31,8.41E-16,10973241.07,8.85E-12,299779058.1,0.007297679
1.34E-11,1.60E-19,6.63E-34,9.11E-31,8.41E-16,10973241.07,8.85E-12,299779058.1,0.007297679
1.32E-11,1.60E-19,6.63E-34,9.11E-31,8.41E-16,10973241.07,8.85E-12,299779058.1,0.007297679
1.31E-11,1.60E-19,6.63E-34,9.11E-31,8.41E-16,10973241.07,8.85E-12,299779058.1,0.007297679
1.30E-11,1.60E-19,6.63E-34,9.11E-31,8.41E-16,10973241.07,8.85E-12,299779058.1,0.007297679
1.29E-11,1.60E-19,6.63E-34,9.11E-31,8.41E-16,10973241.07,8.85E-12,299779058.1,0.007297679
1.28E-11,1.60E-19,6.63E-34,9.11E-31,8.41E-16,10973241.07,8.85E-12,299779058.1,0.007297679
1.26E-11,1.60E-19,6.63E-34,9.11E-31,8.41E-16,10973241.07,8.85E-12,299779058.1,0.007297679
1.25E-11,1.60E-19,6.63E-34,9.11E-31,8.41E-16,10973241.07,8.85E-12,299779058.1,0.007297679
1.24E-11,1.60E-19,6.63E-34,9.11E-31,8.41E-16,10973241.07,8.85E-12,299779058.1,0.007297679
1.23E-11,1.60E-19,6.63E-34,9.11E-31,8.41E-16,10973241.07,8.85E-12,299779058.1,0.007297679
1.22E-11,1.60E-19,6.63E-34,9.11E-31,8.41E-16,10973241.07,8.85E-12,299779058.1,0.007297679
1.20E-11,1.60E-19,6.63E-34,9.11E-31,8.41E-16,10973241.07,8.85E-12,299779058.1,0.007297679
1.19E-11,1.60E-19,6.63E-34,9.11E-31,8.41E-16,10973241.07,8.85E-12,299779058.1,0.007297679
1.18E-11,1.60E-19,6.63E-34,9.11E-31,8.41E-16,10973241.07,8.85E-12,299779058.1,0.007297679
1.17E-11,1.60E-19,6.63E-34,9.11E-31,8.41E-16,10973241.07,8.85E-12,299779058.1,0.007297679
1.16E-11,1.60E-19,6.63E-34,9.11E-31,8.41E-16,10973241.07,8.85E-12,299779058.1,0.007297679
1.14E-11,1.60E-19,6.63E-34,9.11E-31,8.41E-16,10973241.07,8.85E-12,299779058.1,0.007297679
1.13E-11,1.60E-19,6.63E-34,9.11E-31,8.41E-16,10973241.07,8.85E-12,299779058.1,0.007297679
1.12E-11,1.60E-19,6.63E-34,9.11E-31,8.41E-16,10973241.07,8.85E-12,299779058.1,0.007297679
1.11E-11,1.60E-19,6.63E-34,9.11E-31,8.41E-16,10973241.07,8.85E-12,299779058.1,0.007297679
1.10E-11,1.60E-19,6.63E-34,9.11E-31,8.41E-16,10973241.07,8.85E-12,299779058.1,0.007297679
1.08E-11,1.60E-19,6.63E-34,9.11E-31,8.41E-16,10973241.07,8.85E-12,299779058.1,0.007297679
1.07E-11,1.60E-19,6.63E-34,9.11E-31,8.41E-16,10973241.07,8.85E-12,299779058.1,0.007297679
1.06E-11,1.60E-19,6.63E-34,9.11E-31,8.41E-16,10973241.07,8.85E-12,299779058.1,0.007297679
1.05E-11,1.60E-19,6.63E-34,9.11E-31,8.41E-16,10973241.07,8.85E-12,299779058.1,0.007297679
1.04E-11,1.60E-19,6.63E-34,9.11E-31,8.41E-16,10973241.07,8.85E-12,299779058.1,0.007297679
1.02E-11,1.60E-19,6.63E-34,9.11E-31,8.41E-16,10973241.07,8.85E-12,299779058.1,0.007297679
1.01E-11,1.60E-19,6.63E-34,9.11E-31,8.41E-16,10973241.07,8.85E-12,299779058.1,0.007297679
1.00E-11,1.60E-19,6.63E-34,9.11E-31,8.41E-16,10973241.07,8.85E-12,299779058.1,0.007297679
9.88E-12,1.60E-19,6.63E-34,9.11E-31,8.41E-16,10973241.07,8.85E-12,299779058.1,0.007297679
9.76E-12,1.60E-19,6.63E-34,9.11E-31,8.41E-16,10973241.07,8.85E-12,299779058.1,0.007297679
9.64E-12,1.60E-19,6.63E-34,9.11E-31,8.41E-16,10973241.07,8.85E-12,299779058.1,0.007297679
9.52E-12,1.60E-19,6.63E-34,9.11E-31,8.41E-16,10973241.07,8.85E-12,299779058.1,0.007297679
9.40E-12,1.60E-19,6.63E-34,9.11E-31,8.41E-16,10973241.07,8.85E-12,299779058.1,0.007297679
9.28E-12,1.60E-19,6.63E-34,9.11E-31,8.41E-16,10973241.07,8.85E-12,299779058.1,0.007297679
9.16E-12,1.60E-19,6.63E-34,9.11E-31,8.41E-16,10973241.07,8.85E-12,299779058.1,0.007297679
9.04E-12,1.60E-19,6.63E-34,9.11E-31,8.41E-16,10973241.07,8.85E-12,299779058.1,0.007297679
8.92E-12,1.60E-19,6.63E-34,9.11E-31,8.41E-16,10973241.07,8.85E-12,299779058.1,0.007297679
8.80E-12,1.60E-19,6.63E-34,9.11E-31,8.41E-16,10973241.07,8.85E-12,299779058.1,0.007297679
8.68E-12,1.60E-19,6.63E-34,9.11E-31,8.41E-16,10973241.07,8.85E-12,299779058.1,0.007297679
8.56E-12,1.60E-19,6.63E-34,9.11E-31,8.41E-16,10973241.07,8.85E-12,299779058.1,0.007297679
8.44E-12,1.60E-19,6.63E-34,9.11E-31,8.41E-16,10973241.07,8.85E-12,299779058.1,0.007297679
8.32E-12,1.60E-19,6.63E-34,9.11E-31,8.41E-16,10973241.07,8.85E-12,299779058.1,0.007297679
8.20E-12,1.60E-19,6.63E-34,9.11E-31,8.41E-16,10973241.07,8.85E-12,299779058.1,0.007297679
8.08E-12,1.60E-19,6.63E-34,9.11E-31,8.41E-16,10973241.07,8.85E-12,299779058.1,0.007297679
7.96E-12,1.60E-19,6.63E-34,9.11E-31,8.41E-16,10973241.07,8.85E-12,299779058.1,0.007297679
7.84E-12,1.60E-19,6.63E-34,9.11E-31,8.41E-16,10973241.07,8.85E-12,299779058.1,0.007297679
7.72E-12,1.60E-19,6.63E-34,9.11E-31,8.41E-16,10973241.07,8.85E-12,299779058.1,0.007297679
7.60E-12,1.60E-19,6.63E-34,9.11E-31,8.41E-16,10973241.07,8.85E-12,299779058.1,0.007297679
7.48E-12,1.60E-19,6.63E-34,9.11E-31,8.41E-16,10973241.07,8.85E-12,299779058.1,0.007297679
7.36E-12,1.60E-19,6.63E-34,9.11E-31,8.41E-16,10973241.07,8.85E-12,299779058.1,0.007297679
7.24E-12,1.60E-19,6.63E-34,9.11E-31,8.41E-16,10973241.07,8.85E-12,299779058.1,0.007297679
7.12E-12,1.60E-19,6.63E-34,9.11E-31,8.41E-16,10973241.07,8.85E-12,299779058.1,0.007297679
7.00E-12,1.60E-19,6.63E-34,9.11E-31,8.41E-16,10973241.07,8.85E-12,299779058.1,0.007297679
6.88E-12,1.60E-19,6.63E-34,9.11E-31,8.41E-16,10973241.07,8.85E-12,299779058.1,0.007297679
6.76E-12,1.60E-19,6.63E-34,9.11E-31,8.41E-16,10973241.07,8.85E-12,299779058.1,0.007297679
6.64E-12,1.60E-19,6.63E-34,9.11E-31,8.41E-16,10973241.07,8.85E-12,299779058.1,0.007297679
6.52E-12,1.60E-19,6.63E-34,9.11E-31,8.41E-16,10973241.07,8.85E-12,299779058.1,0.007297679
6.40E-12,1.60E-19,6.63E-34,9.11E-31,8.41E-16,10973241.07,8.85E-12,299779058.1,0.007297679
6.28E-12,1.60E-19,6.63E-34,9.11E-31,8.41E-16,10973241.07,8.85E-12,299779058.1,0.007297679
6.16E-12,1.60E-19,6.63E-34,9.11E-31,8.41E-16,10973241.07,8.85E-12,299779058.1,0.007297679
6.04E-12,1.60E-19,6.63E-34,9.11E-31,8.41E-16,10973241.07,8.85E-12,299779058.1,0.007297679
5.92E-12,1.60E-19,6.63E-34,9.11E-31,8.41E-16,10973241.07,8.85E-12,299779058.1,0.007297679
5.80E-12,1.60E-19,6.63E-34,9.11E-31,8.41E-16,10973241.07,8.85E-12,299779058.1,0.007297679
5.68E-12,1.60E-19,6.63E-34,9.11E-31,8.41E-16,10973241.07,8.85E-12,299779058.1,0.007297679
5.56E-12,1.60E-19,6.63E-34,9.11E-31,8.41E-16,10973241.07,8.85E-12,299779058.1,0.007297679
5.44E-12,1.60E-19,6.63E-34,9.11E-31,8.41E-16,10973241.07,8.85E-12,299779058.1,0.007297679
5.32E-12,1.60E-19,6.63E-34,9.11E-31,8.41E-16,10973241.07,8.85E-12,299779058.1,0.007297679
5.20E-12,1.60E-19,6.63E-34,9.11E-31,8.41E-16,10973241.07,8.85E-12,299779058.1,0.007297679
5.08E-12,1.60E-19,6.63E-34,9.11E-31,8.41E-16,10973241.07,8.85E-12,299779058.1,0.007297679
4.96E-12,1.60E-19,6.63E-34,9.11E-31,8.41E-16,10973241.07,8.85E-12,299779058.1,0.007297679
4.84E-12,1.60E-19,6.63E-34,9.11E-31,8.41E-16,10973241.07,8.85E-12,299779058.1,0.007297679
4.72E-12,1.60E-19,6.63E-34,9.11E-31,8.41E-16,10973241.07,8.85E-12,299779058.1,0.007297679
4.60E-12,1.60E-19,6.63E-34,9.11E-31,8.41E-16,10973241.07,8.85E-12,299779058.1,0.007297679
4.48E-12,1.60E-19,6.63E-34,9.11E-31,8.41E-16,10973241.07,8.85E-12,299779058.1,0.007297679
4.35E-12,1.60E-19,6.63E-34,9.11E-31,8.41E-16,10973241.07,8.85E-12,299779058.1,0.007297679
4.23E-12,1.60E-19,6.63E-34,9.11E-31,8.41E-16,10973241.07,8.85E-12,299779058.1,0.007297679
4.11E-12,1.60E-19,6.63E-34,9.11E-31,8.41E-16,10973241.07,8.85E-12,299779058.1,0.007297679
3.99E-12,1.60E-19,6.63E-34,9.11E-31,8.41E-16,10973241.07,8.85E-12,299779058.1,0.007297679
3.87E-12,1.60E-19,6.63E-34,9.11E-31,8.41E-16,10973241.07,8.85E-12,299779058.1,0.007297679
3.75E-12,1.60E-19,6.63E-34,9.11E-31,8.41E-16,10973241.07,8.85E-12,299779058.1,0.007297679
3.63E-12,1.60E-19,6.63E-34,9.11E-31,8.41E-16,10973241.07,8.85E-12,299779058.1,0.007297679
3.51E-12,1.60E-19,6.63E-34,9.11E-31,8.41E-16,10973241.07,8.85E-12,299779058.1,0.007297679
3.39E-12,1.60E-19,6.63E-34,9.11E-31,8.41E-16,10973241.07,8.85E-12,299779058.1,0.007297679
3.27E-12,1.60E-19,6.63E-34,9.11E-31,8.41E-16,10973241.07,8.85E-12,299779058.1,0.007297679
3.15E-12,1.60E-19,6.63E-34,9.11E-31,8.41E-16,10973241.07,8.85E-12,299779058.1,0.007297679
3.03E-12,1.60E-19,6.63E-34,9.11E-31,8.41E-16,10973241.07,8.85E-12,299779058.1,0.007297679
2.91E-12,1.60E-19,6.63E-34,9.11E-31,8.41E-16,10973241.07,8.85E-12,299779058.1,0.007297679
2.79E-12,1.60E-19,6.63E-34,9.11E-31,8.41E-16,10973241.07,8.85E-12,299779058.1,0.007297679
2.67E-12,1.60E-19,6.63E-34,9.11E-31,8.41E-16,10973241.07,8.85E-12,299779058.1,0.007297679
2.55E-12,1.60E-19,6.63E-34,9.11E-31,8.41E-16,10973241.07,8.85E-12,299779058.1,0.007297679
2.43E-12,1.60E-19,6.63E-34,9.11E-31,8.41E-16,10973241.07,8.85E-12,299779058.1,0.007297679
2.31E-12,1.60E-19,6.63E-34,9.11E-31,8.41E-16,10973241.07,8.85E-12,299779058.1,0.007297679
2.19E-12,1.60E-19,6.63E-34,9.11E-31,8.41E-16,10973241.07,8.85E-12,299779058.1,0.007297679
2.07E-12,1.60E-19,6.63E-34,9.11E-31,8.41E-16,10973241.07,8.85E-12,299779058.1,0.007297679
1.95E-12,1.60E-19,6.63E-34,9.11E-31,8.41E-16,10973241.07,8.85E-12,299779058.1,0.007297679
1.83E-12,1.60E-19,6.63E-34,9.11E-31,8.41E-16,10973241.07,8.85E-12,299779058.1,0.007297679
1.71E-12,1.60E-19,6.63E-34,9.11E-31,8.41E-16,10973241.07,8.85E-12,299779058.1,0.007297679
1.59E-12,1.60E-19,6.63E-34,9.11E-31,8.41E-16,10973241.07,8.85E-12,299779058.1,0.007297679
1.46E-12,1.60E-19,6.63E-34,9.11E-31,8.41E-16,10973241.07,8.85E-12,299779058.1,0.007297679
1.45E-12,1.60E-19,6.63E-34,9.11E-31,8.41E-16,10973241.07,8.85E-12,299779058.1,0.007297679
1.43E-12,1.60E-19,6.63E-34,9.11E-31,8.41E-16,10973241.07,8.85E-12,299779058.1,0.007297679
1.42E-12,1.60E-19,6.63E-34,9.11E-31,8.41E-16,10973241.07,8.85E-12,299779058.1,0.007297679
1.41E-12,1.60E-19,6.63E-34,9.11E-31,8.41E-16,10973241.07,8.85E-12,299779058.1,0.007297679
1.40E-12,1.60E-19,6.63E-34,9.11E-31,8.41E-16,10973241.07,8.85E-12,299779058.1,0.007297679
1.39E-12,1.60E-19,6.63E-34,9.11E-31,8.41E-16,10973241.07,8.85E-12,299779058.1,0.007297679
1.37E-12,1.60E-19,6.63E-34,9.11E-31,8.41E-16,10973241.07,8.85E-12,299779058.1,0.007297679
1.36E-12,1.60E-19,6.63E-34,9.11E-31,8.41E-16,10973241.07,8.85E-12,299779058.1,0.007297679
1.35E-12,1.60E-19,6.63E-34,9.11E-31,8.41E-16,10973241.07,8.85E-12,299779058.1,0.007297679
1.34E-12,1.60E-19,6.63E-34,9.11E-31,8.41E-16,10973241.07,8.85E-12,299779058.1,0.007297679
1.32E-12,1.60E-19,6.63E-34,9.11E-31,8.41E-16,10973241.07,8.85E-12,299779058.1,0.007297679
1.31E-12,1.60E-19,6.63E-34,9.11E-31,8.41E-16,10973241.07,8.85E-12,299779058.1,0.007297679
1.30E-12,1.60E-19,6.63E-34,9.11E-31,8.41E-16,10973241.07,8.85E-12,299779058.1,0.007297679
1.29E-12,1.60E-19,6.63E-34,9.11E-31,8.41E-16,10973241.07,8.85E-12,299779058.1,0.007297679
1.28E-12,1.60E-19,6.63E-34,9.11E-31,8.41E-16,10973241.07,8.85E-12,299779058.1,0.007297679
1.26E-12,1.60E-19,6.63E-34,9.11E-31,8.41E-16,10973241.07,8.85E-12,299779058.1,0.007297679
1.25E-12,1.60E-19,6.63E-34,9.11E-31,8.41E-16,10973241.07,8.85E-12,299779058.1,0.007297679
1.24E-12,1.60E-19,6.63E-34,9.11E-31,8.41E-16,10973241.07,8.85E-12,299779058.1,0.007297679
1.23E-12,1.60E-19,6.63E-34,9.11E-31,8.41E-16,10973241.07,8.85E-12,299779058.1,0.007297679
1.22E-12,1.60E-19,6.63E-34,9.11E-31,8.41E-16,10973241.07,8.85E-12,299779058.1,0.007297679
1.20E-12,1.60E-19,6.63E-34,9.11E-31,8.41E-16,10973241.07,8.85E-12,299779058.1,0.007297679
1.19E-12,1.60E-19,6.63E-34,9.11E-31,8.41E-16,10973241.07,8.85E-12,299779058.1,0.007297679
1.18E-12,1.60E-19,6.63E-34,9.11E-31,8.41E-16,10973241.07,8.85E-12,299779058.1,0.007297679
1.17E-12,1.60E-19,6.63E-34,9.11E-31,8.41E-16,10973241.07,8.85E-12,299779058.1,0.007297679
1.15E-12,1.60E-19,6.63E-34,9.11E-31,8.41E-16,10973241.07,8.85E-12,299779058.1,0.007297679
1.14E-12,1.60E-19,6.63E-34,9.11E-31,8.41E-16,10973241.07,8.85E-12,299779058.1,0.007297679
1.13E-12,1.60E-19,6.63E-34,9.11E-31,8.41E-16,10973241.07,8.85E-12,299779058.1,0.007297679
1.12E-12,1.60E-19,6.63E-34,9.11E-31,8.41E-16,10973241.07,8.85E-12,299779058.1,0.007297679
1.11E-12,1.60E-19,6.63E-34,9.11E-31,8.41E-16,10973241.07,8.85E-12,299779058.1,0.007297679
1.09E-12,1.60E-19,6.63E-34,9.11E-31,8.41E-16,10973241.07,8.85E-12,299779058.1,0.007297679
1.08E-12,1.60E-19,6.63E-34,9.11E-31,8.41E-16,10973241.07,8.85E-12,299779058.1,0.007297679
1.07E-12,1.60E-19,6.63E-34,9.11E-31,8.41E-16,10973241.07,8.85E-12,299779058.1,0.007297679
1.06E-12,1.60E-19,6.63E-34,9.11E-31,8.41E-16,10973241.07,8.85E-12,299779058.1,0.007297679
1.05E-12,1.60E-19,6.63E-34,9.11E-31,8.41E-16,10973241.07,8.85E-12,299779058.1,0.007297679
1.03E-12,1.60E-19,6.63E-34,9.11E-31,8.41E-16,10973241.07,8.85E-12,299779058.1,0.007297679
1.02E-12,1.60E-19,6.63E-34,9.11E-31,8.41E-16,10973241.07,8.85E-12,299779058.1,0.007297679
1.01E-12,1.60E-19,6.63E-34,9.11E-31,8.41E-16,10973241.07,8.85E-12,299779058.1,0.007297679
9.98E-13,1.60E-19,6.63E-34,9.11E-31,8.41E-16,10973241.07,8.85E-12,299779058.1,0.007297679
9.85E-13,1.60E-19,6.63E-34,9.11E-31,8.41E-16,10973241.07,8.85E-12,299779058.1,0.007297679
9.73E-13,1.60E-19,6.63E-34,9.11E-31,8.41E-16,10973241.07,8.85E-12,299779058.1,0.007297679
9.61E-13,1.60E-19,6.63E-34,9.11E-31,8.41E-16,10973241.07,8.85E-12,299779058.1,0.007297679
9.49E-13,1.60E-19,6.63E-34,9.11E-31,8.41E-16,10973241.07,8.85E-12,299779058.1,0.007297679
9.37E-13,1.60E-19,6.63E-34,9.11E-31,8.41E-16,10973241.07,8.85E-12,299779058.1,0.007297679
9.25E-13,1.60E-19,6.63E-34,9.11E-31,8.41E-16,10973241.07,8.85E-12,299779058.1,0.007297679
9.13E-13,1.60E-19,6.63E-34,9.11E-31,8.41E-16,10973241.07,8.85E-12,299779058.1,0.007297679
9.00E-13,1.60E-19,6.63E-34,9.11E-31,8.41E-16,10973241.07,8.85E-12,299779058.1,0.007297679
8.88E-13,1.60E-19,6.63E-34,9.11E-31,8.41E-16,10973241.07,8.85E-12,299779058.1,0.007297679
8.77E-13,1.60E-19,6.63E-34,9.11E-31,8.41E-16,10973241.07,8.85E-12,299779058.1,0.007297679
8.64E-13,1.60E-19,6.63E-34,9.11E-31,8.41E-16,10973241.07,8.85E-12,299779058.1,0.007297679
8.52E-13,1.60E-19,6.63E-34,9.11E-31,8.41E-16,10973241.07,8.85E-12,299779058.1,0.007297679
8.40E-13,1.60E-19,6.63E-34,9.11E-31,8.41E-16,10973241.07,8.85E-12,299779058.1,0.007297679
8.28E-13,1.60E-19,6.63E-34,9.11E-31,8.41E-16,10973241.07,8.85E-12,299779058.1,0.007297679
8.16E-13,1.60E-19,6.63E-34,9.11E-31,8.41E-16,10973241.07,8.85E-12,299779058.1,0.007297679
8.04E-13,1.60E-19,6.63E-34,9.11E-31,8.41E-16,10973241.07,8.85E-12,299779058.1,0.007297679
7.92E-13,1.60E-19,6.63E-34,9.11E-31,8.41E-16,10973241.07,8.85E-12,299779058.1,0.007297679
7.80E-13,1.60E-19,6.63E-34,9.11E-31,8.41E-16,10973241.07,8.85E-12,299779058.1,0.007297679
7.68E-13,1.60E-19,6.63E-34,9.11E-31,8.41E-16,10973241.07,8.85E-12,299779058.1,0.007297679
7.55E-13,1.60E-19,6.63E-34,9.11E-31,8.41E-16,10973241.07,8.85E-12,299779058.1,0.007297679
7.43E-13,1.60E-19,6.63E-34,9.11E-31,8.41E-16,10973241.07,8.85E-12,299779058.1,0.007297679
7.31E-13,1.60E-19,6.63E-34,9.11E-31,8.41E-16,10973241.07,8.85E-12,299779058.1,0.007297679
7.19E-13,1.60E-19,6.63E-34,9.11E-31,8.41E-16,10973241.07,8.85E-12,299779058.1,0.007297679
7.07E-13,1.60E-19,6.63E-34,9.11E-31,8.41E-16,10973241.07,8.85E-12,299779058.1,0.007297679
6.95E-13,1.60E-19,6.63E-34,9.11E-31,8.41E-16,10973241.07,8.85E-12,299779058.1,0.007297679
6.83E-13,1.60E-19,6.63E-34,9.11E-31,8.41E-16,10973241.07,8.85E-12,299779058.1,0.007297679
6.71E-13,1.60E-19,6.63E-34,9.11E-31,8.41E-16,10973241.07,8.85E-12,299779058.1,0.007297679
6.58E-13,1.60E-19,6.63E-34,9.11E-31,8.41E-16,10973241.07,8.85E-12,299779058.1,0.007297679
6.47E-13,1.60E-19,6.63E-34,9.11E-31,8.41E-16,10973241.07,8.85E-12,299779058.1,0.007297679
6.34E-13,1.60E-19,6.63E-34,9.11E-31,8.41E-16,10973241.07,8.85E-12,299779058.1,0.007297679
6.22E-13,1.60E-19,6.63E-34,9.11E-31,8.41E-16,10973241.07,8.85E-12,299779058.1,0.007297679
6.10E-13,1.60E-19,6.63E-34,9.11E-31,8.41E-16,10973241.07,8.85E-12,299779058.1,0.007297679
5.98E-13,1.60E-19,6.63E-34,9.11E-31,8.41E-16,10973241.07,8.85E-12,299779058.1,0.007297679
5.86E-13,1.60E-19,6.63E-34,9.11E-31,8.41E-16,10973241.07,8.85E-12,299779058.1,0.007297679
5.74E-13,1.60E-19,6.63E-34,9.11E-31,8.41E-16,10973241.07,8.85E-12,299779058.1,0.007297679
5.62E-13,1.60E-19,6.63E-34,9.11E-31,8.41E-16,10973241.07,8.85E-12,299779058.1,0.007297679
5.50E-13,1.60E-19,6.63E-34,9.11E-31,8.41E-16,10973241.07,8.85E-12,299779058.1,0.007297679
5.37E-13,1.60E-19,6.63E-34,9.11E-31,8.41E-16,10973241.07,8.85E-12,299779058.1,0.007297679
5.25E-13,1.60E-19,6.63E-34,9.11E-31,8.41E-16,10973241.07,8.85E-12,299779058.1,0.007297679
5.13E-13,1.60E-19,6.63E-34,9.11E-31,8.41E-16,10973241.07,8.85E-12,299779058.1,0.007297679
5.01E-13,1.60E-19,6.63E-34,9.11E-31,8.41E-16,10973241.07,8.85E-12,299779058.1,0.007297679
4.89E-13,1.60E-19,6.63E-34,9.11E-31,8.41E-16,10973241.07,8.85E-12,299779058.1,0.007297679
4.77E-13,1.60E-19,6.63E-34,9.11E-31,8.41E-16,10973241.07,8.85E-12,299779058.1,0.007297679
4.65E-13,1.60E-19,6.63E-34,9.11E-31,8.41E-16,10973241.07,8.85E-12,299779058.1,0.007297679
4.53E-13,1.60E-19,6.63E-34,9.11E-31,8.41E-16,10973241.07,8.85E-12,299779058.1,0.007297679
4.41E-13,1.60E-19,6.63E-34,9.11E-31,8.41E-16,10973241.07,8.85E-12,299779058.1,0.007297679
4.29E-13,1.60E-19,6.63E-34,9.11E-31,8.41E-16,10973241.07,8.85E-12,299779058.1,0.007297679
4.16E-13,1.60E-19,6.63E-34,9.11E-31,8.41E-16,10973241.07,8.85E-12,299779058.1,0.007297679
4.04E-13,1.60E-19,6.63E-34,9.11E-31,8.41E-16,10973241.07,8.85E-12,299779058.1,0.007297679
3.92E-13,1.60E-19,6.63E-34,9.11E-31,8.41E-16,10973241.07,8.85E-12,299779058.1,0.007297679
3.80E-13,1.60E-19,6.63E-34,9.11E-31,8.41E-16,10973241.07,8.85E-12,299779058.1,0.007297679
3.68E-13,1.60E-19,6.63E-34,9.11E-31,8.41E-16,10973241.07,8.85E-12,299779058.1,0.007297679
3.56E-13,1.60E-19,6.63E-34,9.11E-31,8.41E-16,10973241.07,8.85E-12,299779058.1,0.007297679
3.44E-13,1.60E-19,6.63E-34,9.11E-31,8.41E-16,10973241.07,8.85E-12,299779058.1,0.007297679
3.32E-13,1.60E-19,6.63E-34,9.11E-31,8.41E-16,10973241.07,8.85E-12,299779058.1,0.007297679
3.20E-13,1.60E-19,6.63E-34,9.11E-31,8.41E-16,10973241.07,8.85E-12,299779058.1,0.007297679
3.07E-13,1.60E-19,6.63E-34,9.11E-31,8.41E-16,10973241.07,8.85E-12,299779058.1,0.007297679
2.95E-13,1.60E-19,6.63E-34,9.11E-31,8.41E-16,10973241.07,8.85E-12,299779058.1,0.007297679
2.83E-13,1.60E-19,6.63E-34,9.11E-31,8.41E-16,10973241.07,8.85E-12,299779058.1,0.007297679
2.71E-13,1.60E-19,6.63E-34,9.11E-31,8.41E-16,10973241.07,8.85E-12,299779058.1,0.007297679
2.59E-13,1.60E-19,6.63E-34,9.11E-31,8.41E-16,10973241.07,8.85E-12,299779058.1,0.007297679
2.47E-13,1.60E-19,6.63E-34,9.11E-31,8.41E-16,10973241.07,8.85E-12,299779058.1,0.007297679
2.34E-13,1.60E-19,6.63E-34,9.11E-31,8.41E-16,10973241.07,8.85E-12,299779058.1,0.007297679
2.22E-13,1.60E-19,6.63E-34,9.11E-31,8.41E-16,10973241.07,8.85E-12,299779058.1,0.007297679
2.10E-13,1.60E-19,6.63E-34,9.11E-31,8.41E-16,10973241.07,8.85E-12,299779058.1,0.007297679
1.98E-13,1.60E-19,6.63E-34,9.11E-31,8.41E-16,10973241.07,8.85E-12,299779058.1,0.007297679
1.86E-13,1.60E-19,6.63E-34,9.11E-31,8.41E-16,10973241.07,8.85E-12,299779058.1,0.007297679
1.74E-13,1.60E-19,6.63E-34,9.11E-31,8.41E-16,10973241.07,8.85E-12,299779058.1,0.007297679
1.62E-13,1.60E-19,6.63E-34,9.11E-31,8.41E-16,10973241.07,8.85E-12,299779058.1,0.007297679
1.48E-13,1.60E-19,6.63E-34,9.11E-31,8.41E-16,10973241.07,8.85E-12,299779058.1,0.007297679
1.46E-13,1.60E-19,6.63E-34,9.11E-31,8.41E-16,10973241.07,8.85E-12,299779058.1,0.007297679
1.44E-13,1.60E-19,6.63E-34,9.11E-31,8.41E-16,10973241.07,8.85E-12,299779058.1,0.007297679
1.42E-13,1.60E-19,6.63E-34,9.11E-31,8.41E-16,10973241.07,8.85E-12,299779058.1,0.007297679
1.41E-13,1.60E-19,6.63E-34,9.11E-31,8.41E-16,10973241.07,8.85E-12,299779058.1,0.007297679
1.39E-13,1.60E-19,6.63E-34,9.11E-31,8.41E-16,10973241.07,8.85E-12,299779058.1,0.007297679
1.37E-13,1.60E-19,6.63E-34,9.11E-31,8.41E-16,10973241.07,8.85E-12,299779058.1,0.007297679
1.35E-13,1.60E-19,6.63E-34,9.11E-31,8.41E-16,10973241.07,8.85E-12,299779058.1,0.007297679
1.33E-13,1.60E-19,6.63E-34,9.11E-31,8.41E-16,10973241.07,8.85E-12,299779058.1,0.007297679
1.31E-13,1.60E-19,6.63E-34,9.11E-31,8.41E-16,10973241.07,8.85E-12,299779058.1,0.007297679
1.29E-13,1.60E-19,6.63E-34,9.11E-31,8.41E-16,10973241.07,8.85E-12,299779058.1,0.007297679
1.27E-13,1.60E-19,6.63E-34,9.11E-31,8.41E-16,10973241.07,8.85E-12,299779058.1,0.007297679
1.25E-13,1.60E-19,6.63E-34,9.11E-31,8.41E-16,10973241.07,8.85E-12,299779058.1,0.007297679
1.23E-13,1.60E-19,6.63E-34,9.11E-31,8.41E-16,10973241.07,8.85E-12,299779058.1,0.007297679
1.21E-13,1.60E-19,6.63E-34,9.11E-31,8.41E-16,10973241.07,8.85E-12,299779058.1,0.007297679
1.19E-13,1.60E-19,6.63E-34,9.11E-31,8.41E-16,10973241.07,8.85E-12,299779058.1,0.007297679
1.17E-13,1.60E-19,6.63E-34,9.11E-31,8.41E-16,10973241.07,8.85E-12,299779058.1,0.007297679
1.15E-13,1.60E-19,6.63E-34,9.11E-31,8.41E-16,10973241.07,8.85E-12,299779058.1,0.007297679
1.14E-13,1.60E-19,6.63E-34,9.11E-31,8.41E-16,10973241.07,8.85E-12,299779058.1,0.007297679
1.12E-13,1.60E-19,6.63E-34,9.11E-31,8.41E-16,10973241.07,8.85E-12,299779058.1,0.007297679
1.10E-13,1.60E-19,6.63E-34,9.11E-31,8.41E-16,10973241.07,8.85E-12,299779058.1,0.007297679
1.08E-13,1.60E-19,6.63E-34,9.11E-31,8.41E-16,10973241.07,8.85E-12,299779058.1,0.007297679
1.06E-13,1.60E-19,6.63E-34,9.11E-31,8.41E-16,10973241.07,8.85E-12,299779058.1,0.007297679
1.04E-13,1.60E-19,6.63E-34,9.11E-31,8.41E-16,10973241.07,8.85E-12,299779058.1,0.007297679
1.02E-13,1.60E-19,6.63E-34,9.11E-31,8.41E-16,10973241.07,8.85E-12,299779058.1,0.007297679
9.99E-14,1.60E-19,6.63E-34,9.11E-31,8.41E-16,10973241.07,8.85E-12,299779058.1,0.007297679
9.84E-14,1.60E-19,6.63E-34,9.11E-31,8.41E-16,10973241.07,8.85E-12,299779058.1,0.007297679
9.66E-14,1.60E-19,6.63E-34,9.11E-31,8.41E-16,10973241.07,8.85E-12,299779058.1,0.007297679
9.46E-14,1.60E-19,6.63E-34,9.11E-31,8.41E-16,10973241.07,8.85E-12,299779058.1,0.007297679
9.24E-14,1.60E-19,6.63E-34,9.11E-31,8.41E-16,10973241.07,8.85E-12,299779058.1,0.007297679
9.06E-14,1.60E-19,6.63E-34,9.11E-31,8.41E-16,10973241.07,8.85E-12,299779058.1,0.007297679
8.88E-14,1.60E-19,6.63E-34,9.11E-31,8.41E-16,10973241.07,8.85E-12,299779058.1,0.007297679
8.66E-14,1.60E-19,6.63E-34,9.11E-31,8.41E-16,10973241.07,8.85E-12,299779058.1,0.007297679
8.48E-14,1.60E-19,6.63E-34,9.11E-31,8.41E-16,10973241.07,8.85E-12,299779058.1,0.007297679
8.28E-14,1.60E-19,6.63E-34,9.11E-31,8.41E-16,10973241.07,8.85E-12,299779058.1,0.007297679
8.10E-14,1.60E-19,6.63E-34,9.11E-31,8.41E-16,10973241.07,8.85E-12,299779058.1,0.007297679
7.90E-14,1.60E-19,6.63E-34,9.11E-31,8.41E-16,10973241.07,8.85E-12,299779058.1,0.007297679
7.73E-14,1.60E-19,6.63E-34,9.11E-31,8.41E-16,10973241.07,8.85E-12,299779058.1,0.007297679
7.51E-14,1.60E-19,6.63E-34,9.11E-31,8.41E-16,10973241.07,8.85E-12,299779058.1,0.007297679
7.33E-14,1.60E-19,6.63E-34,9.11E-31,8.41E-16,10973241.07,8.85E-12,299779058.1,0.007297679
7.17E-14,1.60E-19,6.63E-34,9.11E-31,8.41E-16,10973241.07,8.85E-12,299779058.1,0.007297679
6.95E-14,1.60E-19,6.63E-34,9.11E-31,8.41E-16,10973241.07,8.85E-12,299779058.1,0.007297679
6.75E-14,1.60E-19,6.63E-34,9.11E-31,8.41E-16,10973241.07,8.85E-12,299779058.1,0.007297679
6.57E-14,1.60E-19,6.63E-34,9.11E-31,8.41E-16,10973241.07,8.85E-12,299779058.1,0.007297679
6.37E-14,1.60E-19,6.63E-34,9.11E-31,8.41E-16,10973241.07,8.85E-12,299779058.1,0.007297679
6.17E-14,1.60E-19,6.63E-34,9.11E-31,8.41E-16,10973241.07,8.85E-12,299779058.1,0.007297679
6.00E-14,1.60E-19,6.63E-34,9.11E-31,8.41E-16,10973241.07,8.85E-12,299779058.1,0.007297679
5.77E-14,1.60E-19,6.63E-34,9.11E-31,8.41E-16,10973241.07,8.85E-12,299779058.1,0.007297679
5.60E-14,1.60E-19,6.63E-34,9.11E-31,8.41E-16,10973241.07,8.85E-12,299779058.1,0.007297679
5.42E-14,1.60E-19,6.63E-34,9.11E-31,8.41E-16,10973241.07,8.85E-12,299779058.1,0.007297679
5.22E-14,1.60E-19,6.63E-34,9.11E-31,8.41E-16,10973241.07,8.85E-12,299779058.1,0.007297679
5.00E-14,1.60E-19,6.63E-34,9.11E-31,8.41E-16,10973241.07,8.85E-12,299779058.1,0.007297679
4.82E-14,1.60E-19,6.63E-34,9.11E-31,8.41E-16,10973241.07,8.85E-12,299779058.1,0.007297679
4.66E-14,1.60E-19,6.63E-34,9.11E-31,8.41E-16,10973241.07,8.85E-12,299779058.1,0.007297679
4.46E-14,1.60E-19,6.63E-34,9.11E-31,8.41E-16,10973241.07,8.85E-12,299779058.1,0.007297679
4.29E-14,1.60E-19,6.63E-34,9.11E-31,8.41E-16,10973241.07,8.85E-12,299779058.1,0.007297679
4.06E-14,1.60E-19,6.63E-34,9.11E-31,8.41E-16,10973241.07,8.85E-12,299779058.1,0.007297679
3.89E-14,1.60E-19,6.63E-34,9.11E-31,8.41E-16,10973241.07,8.85E-12,299779058.1,0.007297679
3.69E-14,1.60E-19,6.63E-34,9.11E-31,8.41E-16,10973241.07,8.85E-12,299779058.1,0.007297679
3.51E-14,1.60E-19,6.63E-34,9.11E-31,8.41E-16,10973241.07,8.85E-12,299779058.1,0.007297679
3.31E-14,1.60E-19,6.63E-34,9.11E-31,8.41E-16,10973241.07,8.85E-12,299779058.1,0.007297679
3.11E-14,1.60E-19,6.63E-34,9.11E-31,8.41E-16,10973241.07,8.85E-12,299779058.1,0.007297679
2.93E-14,1.60E-19,6.63E-34,9.11E-31,8.41E-16,10973241.07,8.85E-12,299779058.1,0.007297679
2.75E-14,1.60E-19,6.63E-34,9.11E-31,8.41E-16,10973241.07,8.85E-12,299779058.1,0.007297679
2.58E-14,1.60E-19,6.63E-34,9.11E-31,8.41E-16,10973241.07,8.85E-12,299779058.1,0.007297679
2.33E-14,1.60E-19,6.63E-34,9.11E-31,8.41E-16,10973241.07,8.85E-12,299779058.1,0.007297679
2.15E-14,1.60E-19,6.63E-34,9.11E-31,8.41E-16,10973241.07,8.85E-12,299779058.1,0.007297679
1.95E-14,1.60E-19,6.63E-34,9.11E-31,8.41E-16,10973241.07,8.85E-12,299779058.1,0.007297679
1.75E-14,1.60E-19,6.63E-34,9.11E-31,8.41E-16,10973241.07,8.85E-12,299779058.1,0.007297679
1.58E-14,1.60E-19,6.63E-34,9.11E-31,8.41E-16,10973241.07,8.85E-12,299779058.1,0.007297679